S10000.bin 	 T10000.bin 	 ex_s4_t4_0_p1.bin 	 10000 	 10000 	 0.500000 	 5 	 1 	 500 	0.000000 	 0 	 1 	 0 	1 	 73.560751 	 0.000890 	 0.000890 	 0.000890 	 0.000000 	 0.000000 	 0.000000 	0.000000 	 0.000000 	 0.000000 	 0.315361 	 0.315361 	 0.315361 	 73.876112 	-6.409981e+05 	 -6.409982e+05 	 2.142922e-02 	 3.343102e-08 	 7.992895e-02 	 8.526965e-05 	 1.767413e+00 	 1.720908e-04 
S10000.bin 	 T10000.bin 	 ex_s4_t4_0_p1.bin 	 10000 	 10000 	 0.500000 	 5 	 1 	 500 	0.000000 	 0 	 1 	 0 	2 	 76.547849 	 0.000858 	 0.001654 	 0.001256 	 0.000000 	 0.000000 	 0.000000 	0.000000 	 0.000000 	 0.000000 	 0.160761 	 0.172665 	 0.166713 	 76.720514 	-6.409981e+05 	 -6.409982e+05 	 2.142922e-02 	 3.343102e-08 	 7.992895e-02 	 8.526965e-05 	 1.767413e+00 	 1.720908e-04 
S10000.bin 	 T10000.bin 	 ex_s4_t4_0_p1.bin 	 10000 	 10000 	 0.500000 	 5 	 1 	 500 	0.000000 	 0 	 1 	 0 	2 	 73.142632 	 0.000862 	 0.001607 	 0.001234 	 0.000000 	 0.000000 	 0.000000 	0.000000 	 0.000000 	 0.000000 	 0.162498 	 0.170078 	 0.166288 	 73.312710 	-6.409981e+05 	 -6.409982e+05 	 2.142922e-02 	 3.343102e-08 	 7.992895e-02 	 8.526965e-05 	 1.767413e+00 	 1.720908e-04 
S10000.bin 	 T10000.bin 	 ex_s4_t4_0_p1.bin 	 10000 	 10000 	 0.500000 	 5 	 1 	 500 	0.000000 	 0 	 1 	 0 	1 	 76.490917 	 0.000941 	 0.000941 	 0.000941 	 0.000000 	 0.000000 	 0.000000 	0.000000 	 0.000000 	 0.000000 	 2.076277 	 2.076277 	 2.076277 	 78.567194 	-6.409981e+05 	 -6.409982e+05 	 2.142922e-02 	 3.343102e-08 	 7.992895e-02 	 8.526965e-05 	 1.767413e+00 	 1.720908e-04 
S10000.bin 	 T10000.bin 	 ex_s4_t4_0_p1.bin 	 10000 	 10000 	 0.500000 	 5 	 1 	 500 	0.000000 	 0 	 1 	 0 	1 	 74.267460 	 0.000961 	 0.000961 	 0.000961 	 0.000000 	 0.000000 	 0.000000 	0.000000 	 0.000000 	 0.000000 	 3.065117 	 3.065117 	 3.065117 	 77.332577 	-6.409981e+05 	 -6.409982e+05 	 2.142922e-02 	 3.343102e-08 	 7.992895e-02 	 8.526965e-05 	 1.767413e+00 	 1.720908e-04 
S10000.bin 	 T10000.bin 	 ex_s4_t4_0_p1.bin 	 10000 	 10000 	 0.500000 	 5 	 1 	 500 	0.000000 	 0 	 1 	 0 	1 	 76.001838 	 0.000959 	 0.000959 	 0.000959 	 0.000000 	 0.000000 	 0.000000 	0.000000 	 0.000000 	 0.000000 	 4.305870 	 4.305870 	 4.305870 	 80.307708 	-6.409981e+05 	 -6.409982e+05 	 2.142922e-02 	 3.343102e-08 	 7.992895e-02 	 8.526965e-05 	 1.767413e+00 	 1.720908e-04 
/scratch/krasny_fluxg/lwwilson/S10000.bin 	 /scratch/krasny_fluxg/lwwilson/T10000.bin 	 /scratch/krasny_fluxg/lwwilson/ex_s4_t4_0_p1.bin 	 10000 	 10000 	 0.500000 	 5 	 1 	 500 	0.000000 	 0 	 1 	 0 	1 	 0.097696 	 0.000911 	 0.000911 	 0.000911 	 0.000000 	 0.000000 	 0.000000 	0.000000 	 0.000000 	 0.000000 	 4.047568 	 4.047568 	 4.047568 	 4.145264 	-6.409981e+05 	 -6.409982e+05 	 2.142922e-02 	 3.343102e-08 	 7.992895e-02 	 8.526965e-05 	 1.767413e+00 	 1.720908e-04 
/scratch/krasny_fluxg/lwwilson/S1000000.bin 	 /scratch/krasny_fluxg/lwwilson/T10000.bin 	 /scratch/krasny_fluxg/lwwilson/ex_s6_t4_0_p1.bin 	 1000000 	 10000 	 0.500000 	 5 	 1 	 500 	0.000000 	 0 	 1 	 0 	1 	 3.859948 	 0.158838 	 0.158838 	 0.158838 	 0.000000 	 0.000000 	 0.000000 	0.000000 	 0.000000 	 0.000000 	 7.535923 	 7.535923 	 7.535923 	 11.395871 	0.000000e+00 	 -6.358591e+06 	 6.358591e+06 	 inf 	 5.366222e+03 	 inf 	 9.731399e+04 	 inf 
/scratch/krasny_fluxg/lwwilson/S1000000.bin 	 /scratch/krasny_fluxg/lwwilson/T10000.bin 	 /scratch/krasny_fluxg/lwwilson/ex_s6_t4_0_p1.bin 	 1000000 	 10000 	 0.500000 	 5 	 1 	 500 	0.000000 	 0 	 1 	 0 	1 	 3.515963 	 0.149186 	 0.149186 	 0.149186 	 0.000000 	 0.000000 	 0.000000 	0.000000 	 0.000000 	 0.000000 	 2.284590 	 2.284590 	 2.284590 	 5.800553 	0.000000e+00 	 -6.358591e+06 	 6.358591e+06 	 inf 	 5.366222e+03 	 inf 	 9.731399e+04 	 inf 
/scratch/krasny_fluxg/lwwilson/S1000000.bin 	 /scratch/krasny_fluxg/lwwilson/T10000.bin 	 /scratch/krasny_fluxg/lwwilson/ex_s6_t4_0_p1.bin 	 1000000 	 10000 	 0.500000 	 5 	 1 	 10000 	0.000000 	 0 	 1 	 0 	1 	 3.524881 	 0.116611 	 0.116611 	 0.116611 	 0.000000 	 0.000000 	 0.000000 	0.000000 	 0.000000 	 0.000000 	 3.008080 	 3.008080 	 3.008080 	 6.532961 	0.000000e+00 	 -6.358603e+06 	 6.358603e+06 	 inf 	 5.366172e+03 	 inf 	 9.731409e+04 	 inf 
/scratch/krasny_fluxg/lwwilson/S1000000.bin 	 /scratch/krasny_fluxg/lwwilson/T10000.bin 	 /scratch/krasny_fluxg/lwwilson/ex_s6_t4_0_p1.bin 	 1000000 	 10000 	 0.500000 	 5 	 1 	 10000 	0.000000 	 0 	 1 	 0 	1 	 3.513811 	 0.126954 	 0.126954 	 0.126954 	 0.000000 	 0.000000 	 0.000000 	0.000000 	 0.000000 	 0.000000 	 7.703664 	 7.703664 	 7.703664 	 11.217475 	0.000000e+00 	 -6.358603e+06 	 6.358603e+06 	 inf 	 5.366172e+03 	 inf 	 9.731409e+04 	 inf 
/scratch/krasny_fluxg/lwwilson/S1000000.bin 	 /scratch/krasny_fluxg/lwwilson/T10000.bin 	 /scratch/krasny_fluxg/lwwilson/ex_s6_t4_0_p1.bin 	 100000 	 10000 	 0.500000 	 5 	 1 	 10000 	0.000000 	 0 	 1 	 0 	1 	 0.386211 	 0.008271 	 0.008271 	 0.008271 	 0.000000 	 0.000000 	 0.000000 	0.000000 	 0.000000 	 0.000000 	 5.172281 	 5.172281 	 5.172281 	 5.558492 	0.000000e+00 	 3.501383e+06 	 3.501383e+06 	 inf 	 1.475576e+03 	 inf 	 4.660817e+04 	 inf 
/scratch/krasny_fluxg/lwwilson/S1000000.bin 	 /scratch/krasny_fluxg/lwwilson/T10000.bin 	 /scratch/krasny_fluxg/lwwilson/ex_s6_t4_0_p1.bin 	 1000000 	 10000 	 0.500000 	 5 	 1 	 100000 	0.000000 	 0 	 1 	 0 	1 	 3.519345 	 0.095392 	 0.095392 	 0.095392 	 0.000000 	 0.000000 	 0.000000 	0.000000 	 0.000000 	 0.000000 	 15.431110 	 15.431110 	 15.431110 	 18.950455 	0.000000e+00 	 -6.358602e+06 	 6.358602e+06 	 inf 	 5.365885e+03 	 inf 	 9.731404e+04 	 inf 
/scratch/krasny_fluxg/lwwilson/S1000000.bin 	 /scratch/krasny_fluxg/lwwilson/T10000.bin 	 /scratch/krasny_fluxg/lwwilson/ex_s6_t4_0_p1.bin 	 1000000 	 10000 	 0.500000 	 5 	 1 	 100000 	0.000000 	 0 	 1 	 0 	1 	 3.513010 	 0.087509 	 0.087509 	 0.087509 	 0.000000 	 0.000000 	 0.000000 	0.000000 	 0.000000 	 0.000000 	 11.339265 	 11.339265 	 11.339265 	 14.852275 	0.000000e+00 	 -6.358602e+06 	 6.358602e+06 	 inf 	 5.365885e+03 	 inf 	 9.731404e+04 	 inf 
/scratch/krasny_fluxg/lwwilson/S1000000.bin 	 /scratch/krasny_fluxg/lwwilson/T10000.bin 	 /scratch/krasny_fluxg/lwwilson/ex_s6_t4_0_p1.bin 	 1000000 	 10000 	 0.500000 	 5 	 1 	 100000 	0.000000 	 0 	 1 	 0 	2 	 3.517547 	 0.089316 	 0.097910 	 0.093613 	 0.000000 	 0.000000 	 0.000000 	0.000000 	 0.000000 	 0.000000 	 6.001237 	 6.054019 	 6.027628 	 9.571566 	0.000000e+00 	 -6.358602e+06 	 6.358602e+06 	 inf 	 5.365885e+03 	 inf 	 9.731404e+04 	 inf 
/scratch/krasny_fluxg/lwwilson/S1000000.bin 	 /scratch/krasny_fluxg/lwwilson/T10000.bin 	 /scratch/krasny_fluxg/lwwilson/ex_s6_t4_0_p1.bin 	 1000000 	 10000 	 0.500000 	 5 	 1 	 10000 	0.000000 	 0 	 1 	 0 	1 	 3.585824 	 0.162553 	 0.162553 	 0.162553 	 0.000000 	 0.000000 	 0.000000 	0.000000 	 0.000000 	 0.000000 	 5.265781 	 5.265781 	 5.265781 	 8.851605 	0.000000e+00 	 -6.358603e+06 	 6.358603e+06 	 inf 	 5.366172e+03 	 inf 	 9.731409e+04 	 inf 
/scratch/krasny_fluxg/lwwilson/S1000000.bin 	 /scratch/krasny_fluxg/lwwilson/T10000.bin 	 /scratch/krasny_fluxg/lwwilson/ex_s6_t4_0_p1.bin 	 1000000 	 10000 	 0.500000 	 5 	 1 	 10000 	0.000000 	 0 	 1 	 0 	1 	 3.594984 	 0.154802 	 0.154802 	 0.154802 	 0.000000 	 0.000000 	 0.000000 	0.000000 	 0.000000 	 0.000000 	 5.369152 	 5.369152 	 5.369152 	 8.964136 	0.000000e+00 	 -6.358603e+06 	 6.358603e+06 	 inf 	 5.366172e+03 	 inf 	 9.731409e+04 	 inf 
/scratch/krasny_fluxg/lwwilson/S1000000.bin 	 /scratch/krasny_fluxg/lwwilson/T10000.bin 	 /scratch/krasny_fluxg/lwwilson/ex_s6_t4_0_p1.bin 	 1000000 	 10000 	 0.500000 	 5 	 1 	 10000 	0.000000 	 0 	 1 	 0 	1 	 3.600378 	 0.151574 	 0.151574 	 0.151574 	 0.000000 	 0.000000 	 0.000000 	0.000000 	 0.000000 	 0.000000 	 6.965002 	 6.965002 	 6.965002 	 10.565380 	0.000000e+00 	 -6.358603e+06 	 6.358603e+06 	 inf 	 5.366172e+03 	 inf 	 9.731409e+04 	 inf 
/scratch/krasny_fluxg/lwwilson/S1000000.bin 	 /scratch/krasny_fluxg/lwwilson/T10000.bin 	 /scratch/krasny_fluxg/lwwilson/ex_s6_t4_0_p1.bin 	 1000000 	 10000 	 0.500000 	 5 	 1 	 10000 	0.000000 	 0 	 1 	 0 	1 	 3.551893 	 0.167779 	 0.167779 	 0.167779 	 0.000000 	 0.000000 	 0.000000 	0.000000 	 0.000000 	 0.000000 	 38.370322 	 38.370322 	 38.370322 	 41.922215 	0.000000e+00 	 -6.358603e+06 	 6.358603e+06 	 inf 	 5.366172e+03 	 inf 	 9.731409e+04 	 inf 
/scratch/krasny_fluxg/lwwilson/S1000000.bin 	 /scratch/krasny_fluxg/lwwilson/T10000.bin 	 /scratch/krasny_fluxg/lwwilson/ex_s6_t4_0_p1.bin 	 1000000 	 10000 	 0.500000 	 5 	 1 	 10000 	0.000000 	 0 	 1 	 0 	1 	 3.588313 	 0.147442 	 0.147442 	 0.147442 	 0.000000 	 0.000000 	 0.000000 	0.000000 	 0.000000 	 0.000000 	 15.886335 	 15.886335 	 15.886335 	 19.474648 	0.000000e+00 	 -6.358603e+06 	 6.358603e+06 	 inf 	 5.366172e+03 	 inf 	 9.731409e+04 	 inf 
/scratch/krasny_fluxg/lwwilson/S1000000.bin 	 /scratch/krasny_fluxg/lwwilson/T10000.bin 	 /scratch/krasny_fluxg/lwwilson/ex_s6_t4_0_p1.bin 	 1000000 	 10000 	 0.500000 	 5 	 1 	 10000 	0.000000 	 0 	 1 	 0 	1 	 3.587309 	 0.152089 	 0.152089 	 0.152089 	 0.000000 	 0.000000 	 0.000000 	0.000000 	 0.000000 	 0.000000 	 43.854996 	 43.854996 	 43.854996 	 47.442305 	0.000000e+00 	 -6.358603e+06 	 6.358603e+06 	 inf 	 5.366172e+03 	 inf 	 9.731409e+04 	 inf 
/scratch/krasny_fluxg/lwwilson/S1000000.bin 	 /scratch/krasny_fluxg/lwwilson/T10000.bin 	 /scratch/krasny_fluxg/lwwilson/ex_s6_t4_0_p1.bin 	 1000000 	 10000 	 0.500000 	 5 	 1 	 10000 	0.000000 	 0 	 1 	 0 	1 	 3.670376 	 0.162219 	 0.162219 	 0.162219 	 0.000000 	 0.000000 	 0.000000 	0.000000 	 0.000000 	 0.000000 	 43.974387 	 43.974387 	 43.974387 	 47.644763 	0.000000e+00 	 -6.358603e+06 	 6.358603e+06 	 inf 	 5.366172e+03 	 inf 	 9.731409e+04 	 inf 
/scratch/krasny_fluxg/lwwilson/S1000000.bin 	 /scratch/krasny_fluxg/lwwilson/T10000.bin 	 /scratch/krasny_fluxg/lwwilson/ex_s6_t4_0_p1.bin 	 1000000 	 10000 	 0.500000 	 5 	 1 	 100000 	0.000000 	 0 	 1 	 0 	1 	 3.587544 	 0.126574 	 0.126574 	 0.126574 	 0.000000 	 0.000000 	 0.000000 	0.000000 	 0.000000 	 0.000000 	 52.467241 	 52.467241 	 52.467241 	 56.054785 	0.000000e+00 	 -6.358602e+06 	 6.358602e+06 	 inf 	 5.365885e+03 	 inf 	 9.731404e+04 	 inf 
/scratch/krasny_fluxg/lwwilson/S1000000.bin 	 /scratch/krasny_fluxg/lwwilson/T10000.bin 	 /scratch/krasny_fluxg/lwwilson/ex_s6_t4_0_p1.bin 	 1000000 	 10000 	 0.500000 	 5 	 1 	 100000 	0.000000 	 0 	 1 	 0 	1 	 3.593556 	 0.123726 	 0.123726 	 0.123726 	 0.000000 	 0.000000 	 0.000000 	0.000000 	 0.000000 	 0.000000 	 52.859535 	 52.859535 	 52.859535 	 56.453091 	0.000000e+00 	 -6.358602e+06 	 6.358602e+06 	 inf 	 5.365885e+03 	 inf 	 9.731404e+04 	 inf 
/scratch/krasny_fluxg/lwwilson/S1000000.bin 	 /scratch/krasny_fluxg/lwwilson/T10000.bin 	 /scratch/krasny_fluxg/lwwilson/ex_s6_t4_0_p1.bin 	 1000000 	 10000 	 0.500000 	 5 	 1 	 10000 	0.000000 	 0 	 1 	 0 	1 	 3.628979 	 0.155306 	 0.155306 	 0.155306 	 0.000000 	 0.000000 	 0.000000 	0.000000 	 0.000000 	 0.000000 	 43.138049 	 43.138049 	 43.138049 	 46.767028 	0.000000e+00 	 -6.358603e+06 	 6.358603e+06 	 inf 	 5.366172e+03 	 inf 	 9.731409e+04 	 inf 
/scratch/krasny_fluxg/lwwilson/S10000.bin 	 /scratch/krasny_fluxg/lwwilson/T10000.bin 	 /scratch/krasny_fluxg/lwwilson/ex_s4_t4_0_p1.bin 	 10000 	 10000 	 0.500000 	 5 	 1 	 1000 	0.000000 	 0 	 1 	 0 	1 	 0.096859 	 0.001000 	 0.001000 	 0.001000 	 0.000000 	 0.000000 	 0.000000 	0.000000 	 0.000000 	 0.000000 	 29.112865 	 29.112865 	 29.112865 	 29.209724 	-6.409981e+05 	 -6.409982e+05 	 2.142922e-02 	 3.343102e-08 	 7.992895e-02 	 8.526965e-05 	 1.767413e+00 	 1.720908e-04 
/scratch/krasny_fluxg/lwwilson/S10000.bin 	 /scratch/krasny_fluxg/lwwilson/T10000.bin 	 /scratch/krasny_fluxg/lwwilson/ex_s4_t4_0_p1.bin 	 10000 	 10000 	 0.500000 	 5 	 1 	 1000 	0.000000 	 0 	 1 	 0 	1 	 0.075698 	 0.001002 	 0.001002 	 0.001002 	 0.000000 	 0.000000 	 0.000000 	0.000000 	 0.000000 	 0.000000 	 30.159855 	 30.159855 	 30.159855 	 30.235553 	-6.409981e+05 	 -6.409982e+05 	 2.142922e-02 	 3.343102e-08 	 7.992895e-02 	 8.526965e-05 	 1.767413e+00 	 1.720908e-04 
/scratch/krasny_fluxg/lwwilson/S10000.bin 	 /scratch/krasny_fluxg/lwwilson/T10000.bin 	 /scratch/krasny_fluxg/lwwilson/ex_s4_t4_0_p1.bin 	 10000 	 10000 	 0.500000 	 5 	 1 	 1000 	0.000000 	 0 	 1 	 0 	1 	 0.075345 	 0.000996 	 0.000996 	 0.000996 	 0.000000 	 0.000000 	 0.000000 	0.000000 	 0.000000 	 0.000000 	 29.500227 	 29.500227 	 29.500227 	 29.575572 	-6.409981e+05 	 -6.409982e+05 	 2.142922e-02 	 3.343102e-08 	 7.992895e-02 	 8.526965e-05 	 1.767413e+00 	 1.720908e-04 
/scratch/krasny_fluxg/lwwilson/S10000.bin 	 /scratch/krasny_fluxg/lwwilson/T10000.bin 	 /scratch/krasny_fluxg/lwwilson/ex_s4_t4_0_p1.bin 	 10000 	 10000 	 0.500000 	 5 	 1 	 1000 	0.000000 	 0 	 1 	 0 	1 	 0.075886 	 0.001003 	 0.001003 	 0.001003 	 0.000000 	 0.000000 	 0.000000 	0.000000 	 0.000000 	 0.000000 	 29.807017 	 29.807017 	 29.807017 	 29.882903 	-6.409981e+05 	 -6.283851e+04 	 5.781596e+05 	 9.019677e-01 	 1.797220e+03 	 1.917307e+00 	 2.292202e+04 	 2.231888e+00 
/scratch/krasny_fluxg/lwwilson/S10000.bin 	 /scratch/krasny_fluxg/lwwilson/T10000.bin 	 /scratch/krasny_fluxg/lwwilson/ex_s4_t4_0_p1.bin 	 10000 	 10000 	 0.500000 	 5 	 1 	 1000 	0.000000 	 0 	 1 	 0 	1 	 0.074860 	 0.001003 	 0.001003 	 0.001003 	 0.000000 	 0.000000 	 0.000000 	0.000000 	 0.000000 	 0.000000 	 29.178938 	 29.178938 	 29.178938 	 29.253798 	-6.409981e+05 	 -6.409982e+05 	 2.142922e-02 	 3.343102e-08 	 7.992895e-02 	 8.526965e-05 	 1.767413e+00 	 1.720908e-04 
/scratch/krasny_fluxg/lwwilson/S10000.bin 	 /scratch/krasny_fluxg/lwwilson/T10000.bin 	 /scratch/krasny_fluxg/lwwilson/ex_s4_t4_0_p1.bin 	 10000 	 10000 	 0.500000 	 5 	 1 	 1000 	0.000000 	 0 	 1 	 0 	1 	 0.074949 	 0.001009 	 0.001009 	 0.001009 	 0.000000 	 0.000000 	 0.000000 	0.000000 	 0.000000 	 0.000000 	 28.823257 	 28.823257 	 28.823257 	 28.898206 	-6.409981e+05 	 -6.409982e+05 	 2.142922e-02 	 3.343102e-08 	 7.992895e-02 	 8.526965e-05 	 1.767413e+00 	 1.720908e-04 
/scratch/krasny_fluxg/lwwilson/S10000.bin 	 /scratch/krasny_fluxg/lwwilson/T10000.bin 	 /scratch/krasny_fluxg/lwwilson/ex_s4_t4_0_p1.bin 	 10000 	 10000 	 0.500000 	 5 	 1 	 1000 	0.000000 	 0 	 1 	 0 	1 	 0.078348 	 0.001001 	 0.001001 	 0.001001 	 0.000000 	 0.000000 	 0.000000 	0.000000 	 0.000000 	 0.000000 	 28.877250 	 28.877250 	 28.877250 	 28.955598 	-6.409981e+05 	 -6.409982e+05 	 2.142922e-02 	 3.343102e-08 	 7.992895e-02 	 8.526965e-05 	 1.767413e+00 	 1.720908e-04 
/scratch/krasny_fluxg/lwwilson/S10000.bin 	 /scratch/krasny_fluxg/lwwilson/T10000.bin 	 /scratch/krasny_fluxg/lwwilson/ex_s4_t4_0_p1.bin 	 10000 	 10000 	 0.500000 	 5 	 1 	 1000 	0.000000 	 0 	 1 	 0 	1 	 0.075341 	 0.001008 	 0.001008 	 0.001008 	 0.000000 	 0.000000 	 0.000000 	0.000000 	 0.000000 	 0.000000 	 29.081655 	 29.081655 	 29.081655 	 29.156996 	-6.409981e+05 	 -6.409982e+05 	 2.142922e-02 	 3.343102e-08 	 7.992895e-02 	 8.526965e-05 	 1.767413e+00 	 1.720908e-04 
/scratch/krasny_fluxg/lwwilson/S10000.bin 	 /scratch/krasny_fluxg/lwwilson/T10000.bin 	 /scratch/krasny_fluxg/lwwilson/ex_s4_t4_0_p1.bin 	 10000 	 10000 	 0.500000 	 5 	 1 	 1000 	0.000000 	 0 	 1 	 0 	1 	 0.330945 	 0.000974 	 0.000974 	 0.000974 	 0.000000 	 0.000000 	 0.000000 	0.000000 	 0.000000 	 0.000000 	 8.663086 	 8.663086 	 8.663086 	 8.994031 	-6.409981e+05 	 -6.409982e+05 	 2.142922e-02 	 3.343102e-08 	 7.992895e-02 	 8.526965e-05 	 1.767413e+00 	 1.720908e-04 
/scratch/krasny_fluxg/lwwilson/S10000.bin 	 /scratch/krasny_fluxg/lwwilson/T10000.bin 	 /scratch/krasny_fluxg/lwwilson/ex_s4_t4_0_p1.bin 	 10000 	 10000 	 0.500000 	 5 	 1 	 1000 	0.000000 	 0 	 1 	 0 	1 	 0.074105 	 0.000965 	 0.000965 	 0.000965 	 0.000000 	 0.000000 	 0.000000 	0.000000 	 0.000000 	 0.000000 	 26.584281 	 26.584281 	 26.584281 	 26.658386 	-6.409981e+05 	 -6.409982e+05 	 2.142922e-02 	 3.343102e-08 	 7.992895e-02 	 8.526965e-05 	 1.767413e+00 	 1.720908e-04 
/scratch/krasny_fluxg/lwwilson/S10000.bin 	 /scratch/krasny_fluxg/lwwilson/T10000.bin 	 /scratch/krasny_fluxg/lwwilson/ex_s4_t4_0_p1.bin 	 10000 	 10000 	 0.500000 	 5 	 1 	 1000 	0.000000 	 0 	 1 	 0 	1 	 0.073781 	 0.000986 	 0.000986 	 0.000986 	 0.000000 	 0.000000 	 0.000000 	0.000000 	 0.000000 	 0.000000 	 26.744373 	 26.744373 	 26.744373 	 26.818154 	-6.409981e+05 	 -6.409982e+05 	 2.142922e-02 	 3.343102e-08 	 7.992895e-02 	 8.526965e-05 	 1.767413e+00 	 1.720908e-04 
/scratch/krasny_fluxg/lwwilson/S10000.bin 	 /scratch/krasny_fluxg/lwwilson/T10000.bin 	 /scratch/krasny_fluxg/lwwilson/ex_s4_t4_0_p1.bin 	 10000 	 10000 	 0.500000 	 5 	 1 	 1000 	0.000000 	 0 	 1 	 0 	1 	 0.073762 	 0.000960 	 0.000960 	 0.000960 	 0.000000 	 0.000000 	 0.000000 	0.000000 	 0.000000 	 0.000000 	 26.312527 	 26.312527 	 26.312527 	 26.386289 	-6.409981e+05 	 -6.409982e+05 	 2.142922e-02 	 3.343102e-08 	 7.992895e-02 	 8.526965e-05 	 1.767413e+00 	 1.720908e-04 
/scratch/krasny_fluxg/lwwilson/S10000.bin 	 /scratch/krasny_fluxg/lwwilson/T10000.bin 	 /scratch/krasny_fluxg/lwwilson/ex_s4_t4_0_p1.bin 	 10000 	 10000 	 0.500000 	 5 	 1 	 1000 	0.000000 	 0 	 1 	 0 	1 	 0.075511 	 0.000981 	 0.000981 	 0.000981 	 0.000000 	 0.000000 	 0.000000 	0.000000 	 0.000000 	 0.000000 	 17.308503 	 17.308503 	 17.308503 	 17.384014 	-6.409981e+05 	 -6.409982e+05 	 2.142922e-02 	 3.343102e-08 	 7.992895e-02 	 8.526965e-05 	 1.767413e+00 	 1.720908e-04 
/scratch/krasny_fluxg/lwwilson/S10000.bin 	 /scratch/krasny_fluxg/lwwilson/T10000.bin 	 /scratch/krasny_fluxg/lwwilson/ex_s4_t4_0_p1.bin 	 10000 	 10000 	 0.500000 	 5 	 1 	 1000 	0.000000 	 0 	 1 	 0 	1 	 0.073628 	 0.000965 	 0.000965 	 0.000965 	 0.000000 	 0.000000 	 0.000000 	0.000000 	 0.000000 	 0.000000 	 17.355041 	 17.355041 	 17.355041 	 17.428669 	-6.409981e+05 	 -6.409982e+05 	 2.142922e-02 	 3.343102e-08 	 7.992895e-02 	 8.526965e-05 	 1.767413e+00 	 1.720908e-04 
/scratch/krasny_fluxg/lwwilson/S10000.bin 	 /scratch/krasny_fluxg/lwwilson/T10000.bin 	 /scratch/krasny_fluxg/lwwilson/ex_s4_t4_0_p1.bin 	 10000 	 10000 	 0.500000 	 5 	 1 	 1000 	0.000000 	 0 	 1 	 0 	1 	 0.073291 	 0.000960 	 0.000960 	 0.000960 	 0.000000 	 0.000000 	 0.000000 	0.000000 	 0.000000 	 0.000000 	 17.522364 	 17.522364 	 17.522364 	 17.595655 	-6.409981e+05 	 -6.409982e+05 	 2.142922e-02 	 3.343102e-08 	 7.992895e-02 	 8.526965e-05 	 1.767413e+00 	 1.720908e-04 
/scratch/krasny_fluxg/lwwilson/S10000.bin 	 /scratch/krasny_fluxg/lwwilson/T10000.bin 	 /scratch/krasny_fluxg/lwwilson/ex_s4_t4_0_p1.bin 	 10000 	 10000 	 0.500000 	 5 	 1 	 1000 	0.000000 	 0 	 1 	 0 	1 	 0.073541 	 0.000963 	 0.000963 	 0.000963 	 0.000000 	 0.000000 	 0.000000 	0.000000 	 0.000000 	 0.000000 	 14.361405 	 14.361405 	 14.361405 	 14.434946 	-6.409981e+05 	 -6.409982e+05 	 2.142922e-02 	 3.343102e-08 	 7.992895e-02 	 8.526965e-05 	 1.767413e+00 	 1.720908e-04 
/scratch/krasny_fluxg/lwwilson/S10000.bin 	 /scratch/krasny_fluxg/lwwilson/T10000.bin 	 /scratch/krasny_fluxg/lwwilson/ex_s4_t4_0_p1.bin 	 10000 	 10000 	 0.500000 	 5 	 1 	 1000 	0.000000 	 0 	 1 	 0 	1 	 0.073748 	 0.000968 	 0.000968 	 0.000968 	 0.000000 	 0.000000 	 0.000000 	0.000000 	 0.000000 	 0.000000 	 5.458717 	 5.458717 	 5.458717 	 5.532465 	-6.409981e+05 	 -6.409982e+05 	 2.142922e-02 	 3.343102e-08 	 7.992895e-02 	 8.526965e-05 	 1.767413e+00 	 1.720908e-04 
/scratch/krasny_fluxg/lwwilson/S10000.bin 	 /scratch/krasny_fluxg/lwwilson/T10000.bin 	 /scratch/krasny_fluxg/lwwilson/ex_s4_t4_0_p1.bin 	 10000 	 10000 	 0.500000 	 5 	 1 	 1000 	0.000000 	 0 	 1 	 0 	1 	 0.073499 	 0.000914 	 0.000914 	 0.000914 	 0.000000 	 0.000000 	 0.000000 	0.000000 	 0.000000 	 0.000000 	 0.313894 	 0.313894 	 0.313894 	 0.387393 	-6.409981e+05 	 -6.409982e+05 	 2.142922e-02 	 3.343102e-08 	 7.992895e-02 	 8.526965e-05 	 1.767413e+00 	 1.720908e-04 
/scratch/krasny_fluxg/lwwilson/S10000.bin 	 /scratch/krasny_fluxg/lwwilson/T10000.bin 	 /scratch/krasny_fluxg/lwwilson/ex_s4_t4_0_p1.bin 	 10000 	 10000 	 0.500000 	 5 	 1 	 1000 	0.000000 	 0 	 1 	 0 	1 	 0.074376 	 0.000961 	 0.000961 	 0.000961 	 0.000000 	 0.000000 	 0.000000 	0.000000 	 0.000000 	 0.000000 	 5.569860 	 5.569860 	 5.569860 	 5.644236 	-6.409981e+05 	 -6.409982e+05 	 2.142922e-02 	 3.343102e-08 	 7.992895e-02 	 8.526965e-05 	 1.767413e+00 	 1.720908e-04 
/scratch/krasny_fluxg/lwwilson/S1000000.bin 	 /scratch/krasny_fluxg/lwwilson/T10000.bin 	 /scratch/krasny_fluxg/lwwilson/ex_s6_t4_0_p1.bin 	 1000000 	 10000 	 0.500000 	 5 	 1 	 10000 	0.000000 	 0 	 1 	 0 	1 	 3.877032 	 0.125292 	 0.125292 	 0.125292 	 0.000000 	 0.000000 	 0.000000 	0.000000 	 0.000000 	 0.000000 	 7.942739 	 7.942739 	 7.942739 	 11.819771 	0.000000e+00 	 -6.358603e+06 	 6.358603e+06 	 inf 	 5.366172e+03 	 inf 	 9.731409e+04 	 inf 
/scratch/krasny_fluxg/lwwilson/S1000000.bin 	 /scratch/krasny_fluxg/lwwilson/T10000.bin 	 /scratch/krasny_fluxg/lwwilson/ex_s6_t4_0_p1.bin 	 1000000 	 10000 	 0.500000 	 5 	 1 	 10000 	0.000000 	 0 	 1 	 0 	1 	 3.520492 	 0.115492 	 0.115492 	 0.115492 	 0.000000 	 0.000000 	 0.000000 	0.000000 	 0.000000 	 0.000000 	 3.005985 	 3.005985 	 3.005985 	 6.526477 	0.000000e+00 	 -6.358603e+06 	 6.358603e+06 	 inf 	 5.366172e+03 	 inf 	 9.731409e+04 	 inf 
/scratch/krasny_fluxg/lwwilson/S1000000.bin 	 /scratch/krasny_fluxg/lwwilson/T10000.bin 	 /scratch/krasny_fluxg/lwwilson/ex_s6_t4_0_p1.bin 	 1000000 	 10000 	 0.500000 	 5 	 1 	 10000 	0.000000 	 0 	 1 	 0 	1 	 3.523901 	 0.115649 	 0.115649 	 0.115649 	 0.000000 	 0.000000 	 0.000000 	0.000000 	 0.000000 	 0.000000 	 3.009242 	 3.009242 	 3.009242 	 6.533143 	0.000000e+00 	 -6.358603e+06 	 6.358603e+06 	 inf 	 5.366172e+03 	 inf 	 9.731409e+04 	 inf 
/scratch/krasny_fluxg/lwwilson/S1000000.bin 	 /scratch/krasny_fluxg/lwwilson/T10000.bin 	 /scratch/krasny_fluxg/lwwilson/ex_s6_t4_0_p1.bin 	 1000000 	 10000 	 0.500000 	 5 	 1 	 10000 	0.000000 	 0 	 1 	 0 	1 	 3.517320 	 0.126185 	 0.126185 	 0.126185 	 0.000000 	 0.000000 	 0.000000 	0.000000 	 0.000000 	 0.000000 	 7.950196 	 7.950196 	 7.950196 	 11.467516 	0.000000e+00 	 -6.358603e+06 	 6.358603e+06 	 inf 	 5.366172e+03 	 inf 	 9.731409e+04 	 inf 
/scratch/krasny_fluxg/lwwilson/S1000000.bin 	 /scratch/krasny_fluxg/lwwilson/T10000.bin 	 /scratch/krasny_fluxg/lwwilson/ex_s6_t4_0_p1.bin 	 1000000 	 10000 	 0.500000 	 5 	 1 	 10000 	0.000000 	 0 	 1 	 0 	1 	 3.517649 	 0.126147 	 0.126147 	 0.126147 	 0.000000 	 0.000000 	 0.000000 	0.000000 	 0.000000 	 0.000000 	 7.992969 	 7.992969 	 7.992969 	 11.510618 	0.000000e+00 	 -6.358603e+06 	 6.358603e+06 	 inf 	 5.366172e+03 	 inf 	 9.731409e+04 	 inf 
/scratch/krasny_fluxg/lwwilson/S1000000.bin 	 /scratch/krasny_fluxg/lwwilson/T10000.bin 	 /scratch/krasny_fluxg/lwwilson/ex_s6_t4_0_p1.bin 	 1000000 	 10000 	 0.500000 	 5 	 1 	 100000 	0.000000 	 0 	 1 	 0 	1 	 3.518953 	 0.095018 	 0.095018 	 0.095018 	 0.000000 	 0.000000 	 0.000000 	0.000000 	 0.000000 	 0.000000 	 6.142975 	 6.142975 	 6.142975 	 9.661928 	0.000000e+00 	 -6.358602e+06 	 6.358602e+06 	 inf 	 5.365885e+03 	 inf 	 9.731404e+04 	 inf 
/scratch/krasny_fluxg/lwwilson/S1000000.bin 	 /scratch/krasny_fluxg/lwwilson/T10000.bin 	 /scratch/krasny_fluxg/lwwilson/ex_s6_t4_0_p1.bin 	 1000000 	 10000 	 0.500000 	 5 	 1 	 100000 	0.000000 	 0 	 1 	 0 	1 	 3.523141 	 0.094970 	 0.094970 	 0.094970 	 0.000000 	 0.000000 	 0.000000 	0.000000 	 0.000000 	 0.000000 	 15.923973 	 15.923973 	 15.923973 	 19.447114 	0.000000e+00 	 -6.358602e+06 	 6.358602e+06 	 inf 	 5.365885e+03 	 inf 	 9.731404e+04 	 inf 
/scratch/krasny_fluxg/lwwilson/S1000000.bin 	 /scratch/krasny_fluxg/lwwilson/T10000.bin 	 /scratch/krasny_fluxg/lwwilson/ex_s6_t4_0_p1.bin 	 1000000 	 10000 	 0.500000 	 5 	 1 	 100000 	0.000000 	 0 	 1 	 0 	1 	 3.522112 	 0.095091 	 0.095091 	 0.095091 	 0.000000 	 0.000000 	 0.000000 	0.000000 	 0.000000 	 0.000000 	 15.607154 	 15.607154 	 15.607154 	 19.129266 	0.000000e+00 	 -6.358602e+06 	 6.358602e+06 	 inf 	 5.365885e+03 	 inf 	 9.731404e+04 	 inf 
/scratch/krasny_fluxg/lwwilson/S1000000.bin 	 /scratch/krasny_fluxg/lwwilson/T10000.bin 	 /scratch/krasny_fluxg/lwwilson/ex_s6_t4_0_p1.bin 	 1000000 	 10000 	 0.500000 	 5 	 1 	 100000 	0.000000 	 0 	 1 	 0 	1 	 3.520686 	 0.095146 	 0.095146 	 0.095146 	 0.000000 	 0.000000 	 0.000000 	0.000000 	 0.000000 	 0.000000 	 16.056648 	 16.056648 	 16.056648 	 19.577334 	0.000000e+00 	 -6.358602e+06 	 6.358602e+06 	 inf 	 5.365885e+03 	 inf 	 9.731404e+04 	 inf 
/scratch/krasny_fluxg/lwwilson/S1000000.bin 	 /scratch/krasny_fluxg/lwwilson/T10000.bin 	 /scratch/krasny_fluxg/lwwilson/ex_s6_t4_0_p1.bin 	 1000000 	 10000 	 0.500000 	 5 	 1 	 100000 	0.000000 	 0 	 1 	 0 	1 	 3.518863 	 0.095141 	 0.095141 	 0.095141 	 0.000000 	 0.000000 	 0.000000 	0.000000 	 0.000000 	 0.000000 	 6.071399 	 6.071399 	 6.071399 	 9.590262 	0.000000e+00 	 -6.358602e+06 	 6.358602e+06 	 inf 	 5.365885e+03 	 inf 	 9.731404e+04 	 inf 
/scratch/krasny_fluxg/lwwilson/S1000000.bin 	 /scratch/krasny_fluxg/lwwilson/T10000.bin 	 /scratch/krasny_fluxg/lwwilson/ex_s6_t4_0_p1.bin 	 1000000 	 10000 	 0.500000 	 5 	 1 	 100000 	0.000000 	 0 	 1 	 0 	1 	 3.539624 	 0.095073 	 0.095073 	 0.095073 	 0.000000 	 0.000000 	 0.000000 	0.000000 	 0.000000 	 0.000000 	 15.691428 	 15.691428 	 15.691428 	 19.231052 	0.000000e+00 	 -6.358602e+06 	 6.358602e+06 	 inf 	 5.365885e+03 	 inf 	 9.731404e+04 	 inf 
/scratch/krasny_fluxg/lwwilson/S1000000.bin 	 /scratch/krasny_fluxg/lwwilson/T10000.bin 	 /scratch/krasny_fluxg/lwwilson/ex_s6_t4_0_p1.bin 	 1000000 	 10000 	 0.500000 	 5 	 1 	 10000 	0.000000 	 0 	 1 	 0 	1 	 3.518184 	 0.126154 	 0.126154 	 0.126154 	 0.000000 	 0.000000 	 0.000000 	0.000000 	 0.000000 	 0.000000 	 19.845850 	 19.845850 	 19.845850 	 23.364034 	0.000000e+00 	 -6.358603e+06 	 6.358603e+06 	 inf 	 5.366172e+03 	 inf 	 9.731409e+04 	 inf 
/scratch/krasny_fluxg/lwwilson/S1000000.bin 	 /scratch/krasny_fluxg/lwwilson/T10000.bin 	 /scratch/krasny_fluxg/lwwilson/ex_s6_t4_0_p1.bin 	 1000000 	 10000 	 0.500000 	 5 	 1 	 10000 	0.000000 	 0 	 1 	 0 	1 	 3.520434 	 0.099301 	 0.099301 	 0.099301 	 0.000000 	 0.000000 	 0.000000 	0.000000 	 0.000000 	 0.000000 	 20.401997 	 20.401997 	 20.401997 	 23.922431 	0.000000e+00 	 -6.358603e+06 	 6.358603e+06 	 inf 	 5.366172e+03 	 inf 	 9.731409e+04 	 inf 
/scratch/krasny_fluxg/lwwilson/S1000000.bin 	 /scratch/krasny_fluxg/lwwilson/T10000.bin 	 /scratch/krasny_fluxg/lwwilson/ex_s6_t4_0_p1.bin 	 1000000 	 10000 	 0.500000 	 5 	 1 	 10000 	0.000000 	 0 	 1 	 0 	1 	 3.518079 	 0.126254 	 0.126254 	 0.126254 	 0.000000 	 0.000000 	 0.000000 	0.000000 	 0.000000 	 0.000000 	 19.604937 	 19.604937 	 19.604937 	 23.123016 	0.000000e+00 	 -6.358603e+06 	 6.358603e+06 	 inf 	 5.366172e+03 	 inf 	 9.731409e+04 	 inf 
/scratch/krasny_fluxg/lwwilson/S10000.bin 	 /scratch/krasny_fluxg/lwwilson/T10000.bin 	 /scratch/krasny_fluxg/lwwilson/ex_s4_t4_0_p1.bin 	 10000 	 10000 	 0.500000 	 5 	 1 	 1000 	0.000000 	 0 	 1 	 0 	1 	 0.073361 	 0.000915 	 0.000915 	 0.000915 	 0.000000 	 0.000000 	 0.000000 	0.000000 	 0.000000 	 0.000000 	 0.314856 	 0.314856 	 0.314856 	 0.388217 	-6.409981e+05 	 -6.409982e+05 	 2.142922e-02 	 3.343102e-08 	 7.992895e-02 	 8.526965e-05 	 1.767413e+00 	 1.720908e-04 
/scratch/krasny_fluxg/lwwilson/S10000.bin 	 /scratch/krasny_fluxg/lwwilson/T10000.bin 	 /scratch/krasny_fluxg/lwwilson/ex_s4_t4_0_p1.bin 	 10000 	 10000 	 0.500000 	 5 	 1 	 1000 	0.000000 	 0 	 1 	 0 	1 	 0.071374 	 0.000955 	 0.000955 	 0.000955 	 0.000000 	 0.000000 	 0.000000 	0.000000 	 0.000000 	 0.000000 	 14.446442 	 14.446442 	 14.446442 	 14.517816 	-6.409981e+05 	 -6.409982e+05 	 2.142922e-02 	 3.343102e-08 	 7.992895e-02 	 8.526965e-05 	 1.767413e+00 	 1.720908e-04 
/scratch/krasny_fluxg/lwwilson/S10000.bin 	 /scratch/krasny_fluxg/lwwilson/T10000.bin 	 /scratch/krasny_fluxg/lwwilson/ex_s4_t4_0_p1.bin 	 10000 	 10000 	 0.500000 	 5 	 1 	 10000 	0.000000 	 0 	 1 	 0 	1 	 0.073593 	 0.000263 	 0.000263 	 0.000263 	 0.000000 	 0.000000 	 0.000000 	0.000000 	 0.000000 	 0.000000 	 0.000385 	 0.000385 	 0.000385 	 0.073978 	-6.409981e+05 	 0.000000e+00 	 6.409981e+05 	 1.000000e+00 	 9.373669e+02 	 1.000000e+00 	 1.027024e+04 	 1.000000e+00 
/scratch/krasny_fluxg/lwwilson/S10000.bin 	 /scratch/krasny_fluxg/lwwilson/T10000.bin 	 /scratch/krasny_fluxg/lwwilson/ex_s4_t4_0_p1.bin 	 10000 	 10000 	 0.500000 	 5 	 1 	 10000 	0.000000 	 0 	 1 	 0 	1 	 0.071614 	 0.000314 	 0.000314 	 0.000314 	 0.000000 	 0.000000 	 0.000000 	0.000000 	 0.000000 	 0.000000 	 0.622716 	 0.622716 	 0.622716 	 0.694330 	-6.409981e+05 	 0.000000e+00 	 6.409981e+05 	 1.000000e+00 	 9.373669e+02 	 1.000000e+00 	 1.027024e+04 	 1.000000e+00 
/scratch/krasny_fluxg/lwwilson/S100000.bin 	 /scratch/krasny_fluxg/lwwilson/T10000.bin 	 /scratch/krasny_fluxg/lwwilson/ex_s5_t4_0_p1.bin 	 100000 	 10000 	 0.500000 	 5 	 1 	 1000 	0.000000 	 0 	 1 	 0 	1 	 0.387023 	 0.010779 	 0.010779 	 0.010779 	 0.000000 	 0.000000 	 0.000000 	0.000000 	 0.000000 	 0.000000 	 0.864744 	 0.864744 	 0.864744 	 1.251767 	5.882391e+06 	 5.882440e+06 	 4.994017e+01 	 8.489775e-06 	 3.163631e-01 	 1.855491e-04 	 6.875026e+00 	 1.095921e-04 
/scratch/krasny_fluxg/lwwilson/S100000.bin 	 /scratch/krasny_fluxg/lwwilson/T10000.bin 	 /scratch/krasny_fluxg/lwwilson/ex_s5_t4_0_p1.bin 	 100000 	 10000 	 0.500000 	 5 	 1 	 1000 	0.000000 	 0 	 1 	 0 	1 	 0.386577 	 0.011551 	 0.011551 	 0.011551 	 0.000000 	 0.000000 	 0.000000 	0.000000 	 0.000000 	 0.000000 	 19.147236 	 19.147236 	 19.147236 	 19.533813 	5.882391e+06 	 5.882440e+06 	 4.994017e+01 	 8.489775e-06 	 3.163631e-01 	 1.855491e-04 	 6.875026e+00 	 1.095921e-04 
/scratch/krasny_fluxg/lwwilson/S1000000.bin 	 /scratch/krasny_fluxg/lwwilson/T10000.bin 	 /scratch/krasny_fluxg/lwwilson/ex_s6_t5_0_p1.bin 	 1000000 	 100000 	 0.500000 	 5 	 1 	 10000 	0.000000 	 0 	 1 	 0 	1 	 6.857947 	 0.115927 	 0.115927 	 0.115927 	 0.000000 	 0.000000 	 0.000000 	0.000000 	 0.000000 	 0.000000 	 26.167711 	 26.167711 	 26.167711 	 33.025658 	-6.281193e+07 	 2.753536e+07 	 9.034728e+07 	 1.438378e+00 	 4.893539e+03 	 1.129575e+00 	 3.893803e+05 	 1.266584e+00 
/scratch/krasny_fluxg/lwwilson/S1000000.bin 	 /scratch/krasny_fluxg/lwwilson/T10000.bin 	 /scratch/krasny_fluxg/lwwilson/ex_s6_t5_0_p1.bin 	 1000000 	 100000 	 0.500000 	 5 	 1 	 10000 	0.000000 	 0 	 1 	 0 	1 	 6.824620 	 0.126764 	 0.126764 	 0.126764 	 0.000000 	 0.000000 	 0.000000 	0.000000 	 0.000000 	 0.000000 	 211.798277 	 211.798277 	 211.798277 	 218.622897 	-6.281193e+07 	 2.753536e+07 	 9.034728e+07 	 1.438378e+00 	 4.893539e+03 	 1.129575e+00 	 3.893803e+05 	 1.266584e+00 
/scratch/krasny_fluxg/lwwilson/S100000.bin 	 /scratch/krasny_fluxg/lwwilson/T10000.bin 	 /scratch/krasny_fluxg/lwwilson/ex_s5_t4_0_p1.bin 	 100000 	 10000 	 0.500000 	 5 	 1 	 1000 	0.000000 	 0 	 1 	 0 	1 	 0.386537 	 0.010867 	 0.010867 	 0.010867 	 0.000000 	 0.000000 	 0.000000 	0.000000 	 0.000000 	 0.000000 	 0.866034 	 0.866034 	 0.866034 	 1.252571 	5.882391e+06 	 5.882440e+06 	 4.994017e+01 	 8.489775e-06 	 3.163631e-01 	 1.855491e-04 	 6.875026e+00 	 1.095921e-04 
/scratch/krasny_fluxg/lwwilson/S100000.bin 	 /scratch/krasny_fluxg/lwwilson/T10000.bin 	 /scratch/krasny_fluxg/lwwilson/ex_s5_t4_0_p1.bin 	 100000 	 10000 	 0.500000 	 5 	 1 	 1000 	0.000000 	 0 	 1 	 0 	1 	 0.385913 	 0.011678 	 0.011678 	 0.011678 	 0.000000 	 0.000000 	 0.000000 	0.000000 	 0.000000 	 0.000000 	 19.374693 	 19.374693 	 19.374693 	 19.760606 	5.882391e+06 	 5.882440e+06 	 4.994017e+01 	 8.489775e-06 	 3.163631e-01 	 1.855491e-04 	 6.875026e+00 	 1.095921e-04 
/scratch/krasny_fluxg/lwwilson/S100000.bin 	 /scratch/krasny_fluxg/lwwilson/T10000.bin 	 /scratch/krasny_fluxg/lwwilson/ex_s5_t4_0_p1.bin 	 100000 	 10000 	 0.500000 	 5 	 1 	 1000 	0.000000 	 0 	 1 	 0 	1 	 0.386622 	 0.010885 	 0.010885 	 0.010885 	 0.000000 	 0.000000 	 0.000000 	0.000000 	 0.000000 	 0.000000 	 0.862441 	 0.862441 	 0.862441 	 1.249063 	5.882391e+06 	 5.882440e+06 	 4.994017e+01 	 8.489775e-06 	 3.163631e-01 	 1.855491e-04 	 6.875026e+00 	 1.095921e-04 
/scratch/krasny_fluxg/lwwilson/S100000.bin 	 /scratch/krasny_fluxg/lwwilson/T10000.bin 	 /scratch/krasny_fluxg/lwwilson/ex_s5_t4_0_p1.bin 	 100000 	 10000 	 0.500000 	 5 	 1 	 1000 	0.000000 	 0 	 1 	 0 	1 	 0.387204 	 0.011672 	 0.011672 	 0.011672 	 0.000000 	 0.000000 	 0.000000 	0.000000 	 0.000000 	 0.000000 	 18.942677 	 18.942677 	 18.942677 	 19.329881 	5.882391e+06 	 5.882440e+06 	 4.994017e+01 	 8.489775e-06 	 3.163631e-01 	 1.855491e-04 	 6.875026e+00 	 1.095921e-04 
/scratch/krasny_fluxg/lwwilson/S100000.bin 	 /scratch/krasny_fluxg/lwwilson/T10000.bin 	 /scratch/krasny_fluxg/lwwilson/ex_s5_t4_0_p1.bin 	 100000 	 10000 	 0.500000 	 5 	 1 	 1000 	0.000000 	 0 	 1 	 0 	1 	 0.381303 	 0.010891 	 0.010891 	 0.010891 	 0.000000 	 0.000000 	 0.000000 	0.000000 	 0.000000 	 0.000000 	 0.864706 	 0.864706 	 0.864706 	 1.246009 	5.882391e+06 	 5.882440e+06 	 4.994017e+01 	 8.489775e-06 	 3.163631e-01 	 1.855491e-04 	 6.875026e+00 	 1.095921e-04 
/scratch/krasny_fluxg/lwwilson/S100000.bin 	 /scratch/krasny_fluxg/lwwilson/T10000.bin 	 /scratch/krasny_fluxg/lwwilson/ex_s5_t4_0_p1.bin 	 100000 	 10000 	 0.500000 	 5 	 1 	 1000 	0.000000 	 0 	 1 	 0 	1 	 0.386420 	 0.010926 	 0.010926 	 0.010926 	 0.000000 	 0.000000 	 0.000000 	0.000000 	 0.000000 	 0.000000 	 0.862649 	 0.862649 	 0.862649 	 1.249069 	5.882391e+06 	 5.882440e+06 	 4.994017e+01 	 8.489775e-06 	 3.163631e-01 	 1.855491e-04 	 6.875026e+00 	 1.095921e-04 
/scratch/krasny_fluxg/lwwilson/S100000.bin 	 /scratch/krasny_fluxg/lwwilson/T10000.bin 	 /scratch/krasny_fluxg/lwwilson/ex_s5_t4_0_p1.bin 	 100000 	 10000 	 0.500000 	 5 	 1 	 1000 	0.000000 	 0 	 1 	 0 	1 	 0.385282 	 0.010922 	 0.010922 	 0.010922 	 0.000000 	 0.000000 	 0.000000 	0.000000 	 0.000000 	 0.000000 	 0.865497 	 0.865497 	 0.865497 	 1.250779 	5.882391e+06 	 5.882440e+06 	 4.994017e+01 	 8.489775e-06 	 3.163631e-01 	 1.855491e-04 	 6.875026e+00 	 1.095921e-04 
/scratch/krasny_fluxg/lwwilson/S100000.bin 	 /scratch/krasny_fluxg/lwwilson/T10000.bin 	 /scratch/krasny_fluxg/lwwilson/ex_s5_t4_0_p1.bin 	 100000 	 10000 	 0.500000 	 5 	 1 	 1000 	0.000000 	 0 	 1 	 0 	1 	 0.386277 	 0.010893 	 0.010893 	 0.010893 	 0.000000 	 0.000000 	 0.000000 	0.000000 	 0.000000 	 0.000000 	 0.866538 	 0.866538 	 0.866538 	 1.252815 	5.882391e+06 	 5.882440e+06 	 4.994017e+01 	 8.489775e-06 	 3.163631e-01 	 1.855491e-04 	 6.875026e+00 	 1.095921e-04 
/scratch/krasny_fluxg/lwwilson/S100000.bin 	 /scratch/krasny_fluxg/lwwilson/T10000.bin 	 /scratch/krasny_fluxg/lwwilson/ex_s5_t4_0_p1.bin 	 100000 	 10000 	 0.500000 	 5 	 1 	 1000 	0.000000 	 0 	 1 	 0 	1 	 0.387543 	 0.011546 	 0.011546 	 0.011546 	 0.000000 	 0.000000 	 0.000000 	0.000000 	 0.000000 	 0.000000 	 20.183084 	 20.183084 	 20.183084 	 20.570627 	5.882391e+06 	 5.882440e+06 	 4.994017e+01 	 8.489775e-06 	 3.163631e-01 	 1.855491e-04 	 6.875026e+00 	 1.095921e-04 
/scratch/krasny_fluxg/lwwilson/S100000.bin 	 /scratch/krasny_fluxg/lwwilson/T10000.bin 	 /scratch/krasny_fluxg/lwwilson/ex_s5_t4_0_p1.bin 	 100000 	 10000 	 0.500000 	 5 	 1 	 1000 	0.000000 	 0 	 1 	 0 	1 	 0.385852 	 0.010882 	 0.010882 	 0.010882 	 0.000000 	 0.000000 	 0.000000 	0.000000 	 0.000000 	 0.000000 	 0.861973 	 0.861973 	 0.861973 	 1.247825 	5.882391e+06 	 5.882440e+06 	 4.994017e+01 	 8.489775e-06 	 3.163631e-01 	 1.855491e-04 	 6.875026e+00 	 1.095921e-04 
/scratch/krasny_fluxg/lwwilson/S100000.bin 	 /scratch/krasny_fluxg/lwwilson/T10000.bin 	 /scratch/krasny_fluxg/lwwilson/ex_s5_t4_0_p1.bin 	 100000 	 10000 	 0.500000 	 5 	 1 	 1000 	0.000000 	 0 	 1 	 0 	1 	 0.385420 	 0.011519 	 0.011519 	 0.011519 	 0.000000 	 0.000000 	 0.000000 	0.000000 	 0.000000 	 0.000000 	 16.301111 	 16.301111 	 16.301111 	 16.686531 	5.882391e+06 	 9.909737e+06 	 4.027346e+06 	 6.846445e-01 	 1.410760e+04 	 8.274205e+00 	 2.628845e+05 	 4.190539e+00 
/scratch/krasny_fluxg/lwwilson/S100000.bin 	 /scratch/krasny_fluxg/lwwilson/T10000.bin 	 /scratch/krasny_fluxg/lwwilson/ex_s5_t4_0_p1.bin 	 100000 	 10000 	 0.500000 	 5 	 1 	 1000 	0.000000 	 0 	 1 	 0 	1 	 0.389388 	 0.010873 	 0.010873 	 0.010873 	 0.000000 	 0.000000 	 0.000000 	0.000000 	 0.000000 	 0.000000 	 0.864545 	 0.864545 	 0.864545 	 1.253933 	5.882391e+06 	 5.882440e+06 	 4.994017e+01 	 8.489775e-06 	 3.163631e-01 	 1.855491e-04 	 6.875026e+00 	 1.095921e-04 
/scratch/krasny_fluxg/lwwilson/S100000.bin 	 /scratch/krasny_fluxg/lwwilson/T10000.bin 	 /scratch/krasny_fluxg/lwwilson/ex_s5_t4_0_p1.bin 	 100000 	 10000 	 0.500000 	 5 	 1 	 1000 	0.000000 	 0 	 1 	 0 	1 	 0.389534 	 0.011511 	 0.011511 	 0.011511 	 0.000000 	 0.000000 	 0.000000 	0.000000 	 0.000000 	 0.000000 	 19.519847 	 19.519847 	 19.519847 	 19.909381 	5.882391e+06 	 5.882440e+06 	 4.994017e+01 	 8.489775e-06 	 3.163631e-01 	 1.855491e-04 	 6.875026e+00 	 1.095921e-04 
/scratch/krasny_fluxg/lwwilson/S100000.bin 	 /scratch/krasny_fluxg/lwwilson/T10000.bin 	 /scratch/krasny_fluxg/lwwilson/ex_s5_t4_0_p1.bin 	 100000 	 10000 	 0.500000 	 5 	 1 	 10000 	0.000000 	 0 	 1 	 0 	1 	 0.688636 	 0.007399 	 0.007399 	 0.007399 	 0.000000 	 0.000000 	 0.000000 	0.000000 	 0.000000 	 0.000000 	 1.305661 	 1.305661 	 1.305661 	 1.994297 	5.882391e+06 	 5.882440e+06 	 4.926245e+01 	 8.374563e-06 	 2.188003e-01 	 1.283279e-04 	 5.280321e+00 	 8.417152e-05 
/scratch/krasny_fluxg/lwwilson/S100000.bin 	 /scratch/krasny_fluxg/lwwilson/T10000.bin 	 /scratch/krasny_fluxg/lwwilson/ex_s5_t4_0_p1.bin 	 100000 	 10000 	 0.500000 	 5 	 1 	 10000 	0.000000 	 0 	 1 	 0 	1 	 0.387445 	 0.008275 	 0.008275 	 0.008275 	 0.000000 	 0.000000 	 0.000000 	0.000000 	 0.000000 	 0.000000 	 15.054974 	 15.054974 	 15.054974 	 15.442419 	5.882391e+06 	 5.882440e+06 	 4.926245e+01 	 8.374563e-06 	 2.188003e-01 	 1.283279e-04 	 5.280321e+00 	 8.417152e-05 
<<<<<<< HEAD
=======
/scratch/krasny_fluxg/lwwilson/S1000000.bin 	 /scratch/krasny_fluxg/lwwilson/T10000.bin 	 /scratch/krasny_fluxg/lwwilson/ex_s6_t5_0_p1.bin 	 1000000 	 100000 	 0.500000 	 5 	 1 	 10000 	0.000000 	 0 	 1 	 0 	1 	 7.264725 	 0.115149 	 0.115149 	 0.115149 	 0.000000 	 0.000000 	 0.000000 	0.000000 	 0.000000 	 0.000000 	 26.170317 	 26.170317 	 26.170317 	 33.435042 	-6.281193e+07 	 2.753536e+07 	 9.034728e+07 	 1.438378e+00 	 4.893539e+03 	 1.129575e+00 	 3.893803e+05 	 1.266584e+00 
/scratch/krasny_fluxg/lwwilson/S1000000.bin 	 /scratch/krasny_fluxg/lwwilson/T10000.bin 	 /scratch/krasny_fluxg/lwwilson/ex_s6_t5_0_p1.bin 	 1000000 	 100000 	 0.500000 	 5 	 1 	 10000 	0.000000 	 0 	 1 	 0 	1 	 6.813155 	 0.125114 	 0.125114 	 0.125114 	 0.000000 	 0.000000 	 0.000000 	0.000000 	 0.000000 	 0.000000 	 79.447343 	 79.447343 	 79.447343 	 86.260498 	-6.281193e+07 	 2.753536e+07 	 9.034728e+07 	 1.438378e+00 	 4.893539e+03 	 1.129575e+00 	 3.893803e+05 	 1.266584e+00 
/scratch/krasny_fluxg/lwwilson/S1000000.bin 	 /scratch/krasny_fluxg/lwwilson/T10000.bin 	 /scratch/krasny_fluxg/lwwilson/ex_s6_t5_0_p1.bin 	 1000000 	 100000 	 0.500000 	 5 	 1 	 30000 	0.000000 	 0 	 1 	 0 	1 	 6.817850 	 0.088573 	 0.088573 	 0.088573 	 0.000000 	 0.000000 	 0.000000 	0.000000 	 0.000000 	 0.000000 	 114.144724 	 114.144724 	 114.144724 	 120.962574 	-6.281193e+07 	 2.752178e+07 	 9.033371e+07 	 1.438162e+00 	 4.893252e+03 	 1.129508e+00 	 3.893452e+05 	 1.266470e+00 
/scratch/krasny_fluxg/lwwilson/S1000000.bin 	 /scratch/krasny_fluxg/lwwilson/T10000.bin 	 /scratch/krasny_fluxg/lwwilson/ex_s6_t5_0_p1.bin 	 1000000 	 100000 	 0.500000 	 5 	 1 	 30000 	0.000000 	 0 	 1 	 0 	1 	 6.814723 	 0.093841 	 0.093841 	 0.093841 	 0.000000 	 0.000000 	 0.000000 	0.000000 	 0.000000 	 0.000000 	 58.169637 	 58.169637 	 58.169637 	 64.984360 	-6.281193e+07 	 2.752178e+07 	 9.033371e+07 	 1.438162e+00 	 4.893252e+03 	 1.129508e+00 	 3.893452e+05 	 1.266470e+00 
/scratch/krasny_fluxg/lwwilson/S1000000.bin 	 /scratch/krasny_fluxg/lwwilson/T10000.bin 	 /scratch/krasny_fluxg/lwwilson/ex_s6_t5_0_p1.bin 	 1000000 	 100000 	 0.500000 	 5 	 1 	 30000 	0.000000 	 0 	 1 	 0 	1 	 6.822168 	 0.086752 	 0.086752 	 0.086752 	 0.000000 	 0.000000 	 0.000000 	0.000000 	 0.000000 	 0.000000 	 114.139850 	 114.139850 	 114.139850 	 120.962018 	-6.281193e+07 	 2.752178e+07 	 9.033371e+07 	 1.438162e+00 	 4.893252e+03 	 1.129508e+00 	 3.893452e+05 	 1.266470e+00 
/scratch/krasny_fluxg/lwwilson/S1000000.bin 	 /scratch/krasny_fluxg/lwwilson/T10000.bin 	 /scratch/krasny_fluxg/lwwilson/ex_s6_t5_0_p1.bin 	 1000000 	 100000 	 0.500000 	 5 	 1 	 30000 	0.000000 	 0 	 1 	 0 	1 	 6.826081 	 0.095481 	 0.095481 	 0.095481 	 0.000000 	 0.000000 	 0.000000 	0.000000 	 0.000000 	 0.000000 	 60.691287 	 60.691287 	 60.691287 	 67.517368 	-6.281193e+07 	 2.752178e+07 	 9.033371e+07 	 1.438162e+00 	 4.893252e+03 	 1.129508e+00 	 3.893452e+05 	 1.266470e+00 
/scratch/krasny_fluxg/lwwilson/S1000000.bin 	 /scratch/krasny_fluxg/lwwilson/T100000.bin 	 /scratch/krasny_fluxg/lwwilson/ex_s6_t5_0_p1.bin 	 1000000 	 100000 	 0.500000 	 5 	 1 	 30000 	0.000000 	 0 	 1 	 0 	1 	 3.936449 	 0.083938 	 0.083938 	 0.083938 	 0.000000 	 0.000000 	 0.000000 	0.000000 	 0.000000 	 0.000000 	 109.032695 	 109.032695 	 109.032695 	 112.969144 	-6.281193e+07 	 -6.281312e+07 	 1.192395e+03 	 1.898358e-05 	 7.950616e-01 	 1.835239e-04 	 5.319929e+01 	 1.730476e-04 
/scratch/krasny_fluxg/lwwilson/S1000000.bin 	 /scratch/krasny_fluxg/lwwilson/T100000.bin 	 /scratch/krasny_fluxg/lwwilson/ex_s6_t5_0_p1.bin 	 1000000 	 100000 	 0.500000 	 5 	 1 	 30000 	0.000000 	 0 	 1 	 0 	1 	 3.837489 	 0.093720 	 0.093720 	 0.093720 	 0.000000 	 0.000000 	 0.000000 	0.000000 	 0.000000 	 0.000000 	 55.770534 	 55.770534 	 55.770534 	 59.608023 	-6.281193e+07 	 -6.281312e+07 	 1.192395e+03 	 1.898358e-05 	 7.950616e-01 	 1.835239e-04 	 5.319929e+01 	 1.730476e-04 
/scratch/krasny_fluxg/lwwilson/S1000000.bin 	 /scratch/krasny_fluxg/lwwilson/T100000.bin 	 /scratch/krasny_fluxg/lwwilson/ex_s6_t5_0_p1.bin 	 1000000 	 100000 	 0.500000 	 5 	 1 	 30000 	0.000000 	 0 	 1 	 0 	1 	 3.839303 	 0.085157 	 0.085157 	 0.085157 	 0.000000 	 0.000000 	 0.000000 	0.000000 	 0.000000 	 0.000000 	 109.070459 	 109.070459 	 109.070459 	 112.909762 	-6.281193e+07 	 -6.281312e+07 	 1.192395e+03 	 1.898358e-05 	 7.950616e-01 	 1.835239e-04 	 5.319929e+01 	 1.730476e-04 
/scratch/krasny_fluxg/lwwilson/S1000000.bin 	 /scratch/krasny_fluxg/lwwilson/T100000.bin 	 /scratch/krasny_fluxg/lwwilson/ex_s6_t5_0_p1.bin 	 1000000 	 100000 	 0.500000 	 5 	 1 	 30000 	0.000000 	 0 	 1 	 0 	1 	 3.837304 	 0.092484 	 0.092484 	 0.092484 	 0.000000 	 0.000000 	 0.000000 	0.000000 	 0.000000 	 0.000000 	 150.896295 	 150.896295 	 150.896295 	 154.733599 	-6.281193e+07 	 -6.281312e+07 	 1.192395e+03 	 1.898358e-05 	 7.950616e-01 	 1.835239e-04 	 5.319929e+01 	 1.730476e-04 
/scratch/krasny_fluxg/lwwilson/S1000000.bin 	 /scratch/krasny_fluxg/lwwilson/T100000.bin 	 /scratch/krasny_fluxg/lwwilson/ex_s6_t5_0_p1.bin 	 1000000 	 100000 	 0.000000 	 5 	 1 	 30000 	0.000000 	 0 	 1 	 0 	1 	 3.838789 	 0.085103 	 0.085103 	 0.085103 	 0.000000 	 0.000000 	 0.000000 	0.000000 	 0.000000 	 0.000000 	 523.890578 	 523.890578 	 523.890578 	 527.729367 	-6.281193e+07 	 -6.281193e+07 	 3.725290e-08 	 5.930864e-16 	 2.798970e-10 	 6.460857e-14 	 1.117364e-08 	 3.634584e-14 
/scratch/krasny_fluxg/lwwilson/S1000000.bin 	 /scratch/krasny_fluxg/lwwilson/T100000.bin 	 /scratch/krasny_fluxg/lwwilson/ex_s6_t5_0_p1.bin 	 1000000 	 100000 	 0.000000 	 5 	 1 	 30000 	0.000000 	 0 	 1 	 0 	1 	 3.833986 	 0.093667 	 0.093667 	 0.093667 	 0.000000 	 0.000000 	 0.000000 	0.000000 	 0.000000 	 0.000000 	 250.132135 	 250.132135 	 250.132135 	 253.966121 	-6.281193e+07 	 -6.281193e+07 	 0.000000e+00 	 0.000000e+00 	 2.761453e-10 	 6.374257e-14 	 1.101108e-08 	 3.581703e-14 
/scratch/krasny_fluxg/lwwilson/S1000000.bin 	 /scratch/krasny_fluxg/lwwilson/T100000.bin 	 /scratch/krasny_fluxg/lwwilson/ex_s6_t5_0_p1.bin 	 1000000 	 100000 	 0.000000 	 5 	 1 	 30000 	0.000000 	 0 	 1 	 0 	1 	 3.850597 	 0.085054 	 0.085054 	 0.085054 	 0.000000 	 0.000000 	 0.000000 	0.000000 	 0.000000 	 0.000000 	 522.479813 	 522.479813 	 522.479813 	 526.330410 	-6.281193e+07 	 -6.281193e+07 	 3.725290e-08 	 5.930864e-16 	 2.798970e-10 	 6.460857e-14 	 1.117364e-08 	 3.634584e-14 
/scratch/krasny_fluxg/lwwilson/S1000000.bin 	 /scratch/krasny_fluxg/lwwilson/T100000.bin 	 /scratch/krasny_fluxg/lwwilson/ex_s6_t5_0_p1.bin 	 1000000 	 100000 	 0.000000 	 5 	 1 	 30000 	0.000000 	 0 	 1 	 0 	1 	 3.897419 	 0.094128 	 0.094128 	 0.094128 	 0.000000 	 0.000000 	 0.000000 	0.000000 	 0.000000 	 0.000000 	 711.039368 	 711.039368 	 711.039368 	 714.936787 	-6.281193e+07 	 -6.281193e+07 	 0.000000e+00 	 0.000000e+00 	 2.761453e-10 	 6.374257e-14 	 1.101108e-08 	 3.581703e-14 
/scratch/krasny_fluxg/lwwilson/S100000.bin 	 /scratch/krasny_fluxg/lwwilson/T10000.bin 	 /scratch/krasny_fluxg/lwwilson/ex_s5_t4_0_p1.bin 	 100000 	 10000 	 0.500000 	 5 	 1 	 10000 	0.000000 	 0 	 1 	 0 	1 	 2.335243 	 0.007379 	 0.007379 	 0.007379 	 0.000000 	 0.000000 	 0.000000 	0.000000 	 0.000000 	 0.000000 	 1.306386 	 1.306386 	 1.306386 	 3.641629 	5.882391e+06 	 5.882440e+06 	 4.926245e+01 	 8.374563e-06 	 2.188003e-01 	 1.283279e-04 	 5.280321e+00 	 8.417152e-05 
/scratch/krasny_fluxg/lwwilson/S100000.bin 	 /scratch/krasny_fluxg/lwwilson/T10000.bin 	 /scratch/krasny_fluxg/lwwilson/ex_s5_t4_0_p1.bin 	 100000 	 10000 	 0.500000 	 5 	 1 	 10000 	0.000000 	 0 	 1 	 0 	1 	 1.195454 	 0.008271 	 0.008271 	 0.008271 	 0.000000 	 0.000000 	 0.000000 	0.000000 	 0.000000 	 0.000000 	 15.507122 	 15.507122 	 15.507122 	 16.702576 	5.882391e+06 	 5.882440e+06 	 4.926245e+01 	 8.374563e-06 	 2.188003e-01 	 1.283279e-04 	 5.280321e+00 	 8.417152e-05 
/scratch/krasny_fluxg/lwwilson/S100000.bin 	 /scratch/krasny_fluxg/lwwilson/T10000.bin 	 /scratch/krasny_fluxg/lwwilson/ex_s5_t4_0_p1.bin 	 100000 	 10000 	 0.500000 	 5 	 1 	 10000 	0.000000 	 0 	 1 	 0 	1 	 1.648868 	 0.007362 	 0.007362 	 0.007362 	 0.000000 	 0.000000 	 0.000000 	0.000000 	 0.000000 	 0.000000 	 1.306906 	 1.306906 	 1.306906 	 2.955774 	5.882391e+06 	 5.882440e+06 	 4.926245e+01 	 8.374563e-06 	 2.188003e-01 	 1.283279e-04 	 5.280321e+00 	 8.417152e-05 
/scratch/krasny_fluxg/lwwilson/S100000.bin 	 /scratch/krasny_fluxg/lwwilson/T10000.bin 	 /scratch/krasny_fluxg/lwwilson/ex_s5_t4_0_p1.bin 	 100000 	 10000 	 0.500000 	 5 	 1 	 10000 	0.000000 	 0 	 1 	 0 	1 	 1.488594 	 0.010051 	 0.010051 	 0.010051 	 0.000000 	 0.000000 	 0.000000 	0.000000 	 0.000000 	 0.000000 	 65.418555 	 65.418555 	 65.418555 	 66.907149 	5.882391e+06 	 5.882440e+06 	 4.926245e+01 	 8.374563e-06 	 2.188003e-01 	 1.283279e-04 	 5.280321e+00 	 8.417152e-05 
/scratch/krasny_fluxg/lwwilson/S100000.bin 	 /scratch/krasny_fluxg/lwwilson/T10000.bin 	 /scratch/krasny_fluxg/lwwilson/ex_s5_t4_0_p1.bin 	 100000 	 10000 	 0.500000 	 5 	 1 	 10000 	0.000000 	 0 	 1 	 0 	1 	 1.032277 	 0.007403 	 0.007403 	 0.007403 	 0.000000 	 0.000000 	 0.000000 	0.000000 	 0.000000 	 0.000000 	 1.306224 	 1.306224 	 1.306224 	 2.338501 	5.882391e+06 	 5.882440e+06 	 4.926245e+01 	 8.374563e-06 	 2.188003e-01 	 1.283279e-04 	 5.280321e+00 	 8.417152e-05 
/scratch/krasny_fluxg/lwwilson/S100000.bin 	 /scratch/krasny_fluxg/lwwilson/T10000.bin 	 /scratch/krasny_fluxg/lwwilson/ex_s5_t4_0_p1.bin 	 100000 	 10000 	 0.500000 	 5 	 1 	 10000 	0.000000 	 0 	 1 	 0 	1 	 1.751162 	 0.010078 	 0.010078 	 0.010078 	 0.000000 	 0.000000 	 0.000000 	0.000000 	 0.000000 	 0.000000 	 65.417700 	 65.417700 	 65.417700 	 67.168862 	5.882391e+06 	 5.882440e+06 	 4.926245e+01 	 8.374563e-06 	 2.188003e-01 	 1.283279e-04 	 5.280321e+00 	 8.417152e-05 
/scratch/krasny_fluxg/lwwilson/S100000.bin 	 /scratch/krasny_fluxg/lwwilson/T10000.bin 	 /scratch/krasny_fluxg/lwwilson/ex_s5_t4_0_p1.bin 	 100000 	 10000 	 0.500000 	 5 	 1 	 10000 	0.000000 	 0 	 1 	 0 	1 	 1.726158 	 0.007327 	 0.007327 	 0.007327 	 0.000000 	 0.000000 	 0.000000 	0.000000 	 0.000000 	 0.000000 	 1.305573 	 1.305573 	 1.305573 	 3.031731 	5.882391e+06 	 5.882440e+06 	 4.926245e+01 	 8.374563e-06 	 2.188003e-01 	 1.283279e-04 	 5.280321e+00 	 8.417152e-05 
/scratch/krasny_fluxg/lwwilson/S100000.bin 	 /scratch/krasny_fluxg/lwwilson/T10000.bin 	 /scratch/krasny_fluxg/lwwilson/ex_s5_t4_0_p1.bin 	 100000 	 10000 	 0.500000 	 5 	 1 	 10000 	0.000000 	 0 	 1 	 0 	1 	 0.861572 	 0.008257 	 0.008257 	 0.008257 	 0.000000 	 0.000000 	 0.000000 	0.000000 	 0.000000 	 0.000000 	 5.893814 	 5.893814 	 5.893814 	 6.755386 	5.882391e+06 	 5.882440e+06 	 4.926245e+01 	 8.374563e-06 	 2.188003e-01 	 1.283279e-04 	 5.280321e+00 	 8.417152e-05 
/scratch/krasny_fluxg/lwwilson/S100000.bin 	 /scratch/krasny_fluxg/lwwilson/T10000.bin 	 /scratch/krasny_fluxg/lwwilson/ex_s5_t4_0_p1.bin 	 100000 	 10000 	 0.500000 	 5 	 1 	 10000 	0.000000 	 0 	 1 	 0 	1 	 1.808706 	 0.007415 	 0.007415 	 0.007415 	 0.000000 	 0.000000 	 0.000000 	0.000000 	 0.000000 	 0.000000 	 1.306341 	 1.306341 	 1.306341 	 3.115047 	5.882391e+06 	 5.882440e+06 	 4.926245e+01 	 8.374563e-06 	 2.188003e-01 	 1.283279e-04 	 5.280321e+00 	 8.417152e-05 
/scratch/krasny_fluxg/lwwilson/S100000.bin 	 /scratch/krasny_fluxg/lwwilson/T10000.bin 	 /scratch/krasny_fluxg/lwwilson/ex_s5_t4_0_p1.bin 	 100000 	 10000 	 0.500000 	 5 	 1 	 10000 	0.000000 	 0 	 1 	 0 	1 	 1.251853 	 0.008268 	 0.008268 	 0.008268 	 0.000000 	 0.000000 	 0.000000 	0.000000 	 0.000000 	 0.000000 	 5.735024 	 5.735024 	 5.735024 	 6.986877 	5.882391e+06 	 5.882440e+06 	 4.926245e+01 	 8.374563e-06 	 2.188003e-01 	 1.283279e-04 	 5.280321e+00 	 8.417152e-05 
/scratch/krasny_fluxg/lwwilson/S100000.bin 	 /scratch/krasny_fluxg/lwwilson/T10000.bin 	 /scratch/krasny_fluxg/lwwilson/ex_s5_t4_0_p1.bin 	 100000 	 10000 	 0.500000 	 5 	 1 	 10000 	0.000000 	 0 	 1 	 0 	1 	 0.750600 	 0.007372 	 0.007372 	 0.007372 	 0.000000 	 0.000000 	 0.000000 	0.000000 	 0.000000 	 0.000000 	 1.320340 	 1.320340 	 1.320340 	 2.070940 	5.882391e+06 	 5.882440e+06 	 4.926245e+01 	 8.374563e-06 	 2.188003e-01 	 1.283279e-04 	 5.280321e+00 	 8.417152e-05 
/scratch/krasny_fluxg/lwwilson/S100000.bin 	 /scratch/krasny_fluxg/lwwilson/T10000.bin 	 /scratch/krasny_fluxg/lwwilson/ex_s5_t4_0_p1.bin 	 100000 	 10000 	 0.500000 	 5 	 1 	 10000 	0.000000 	 0 	 1 	 0 	1 	 1.218812 	 0.008278 	 0.008278 	 0.008278 	 0.000000 	 0.000000 	 0.000000 	0.000000 	 0.000000 	 0.000000 	 15.367640 	 15.367640 	 15.367640 	 16.586452 	5.882391e+06 	 5.882440e+06 	 4.926245e+01 	 8.374563e-06 	 2.188003e-01 	 1.283279e-04 	 5.280321e+00 	 8.417152e-05 
/scratch/krasny_fluxg/lwwilson/S100000.bin 	 /scratch/krasny_fluxg/lwwilson/T10000.bin 	 /scratch/krasny_fluxg/lwwilson/ex_s5_t4_0_p1.bin 	 100000 	 10000 	 0.500000 	 5 	 1 	 10000 	0.000000 	 0 	 1 	 0 	1 	 1.269047 	 0.007351 	 0.007351 	 0.007351 	 0.000000 	 0.000000 	 0.000000 	0.000000 	 0.000000 	 0.000000 	 1.307298 	 1.307298 	 1.307298 	 2.576345 	5.882391e+06 	 5.882440e+06 	 4.926245e+01 	 8.374563e-06 	 2.188003e-01 	 1.283279e-04 	 5.280321e+00 	 8.417152e-05 
/scratch/krasny_fluxg/lwwilson/S100000.bin 	 /scratch/krasny_fluxg/lwwilson/T10000.bin 	 /scratch/krasny_fluxg/lwwilson/ex_s5_t4_0_p1.bin 	 100000 	 10000 	 0.500000 	 5 	 1 	 10000 	0.000000 	 0 	 1 	 0 	1 	 1.103207 	 0.008287 	 0.008287 	 0.008287 	 0.000000 	 0.000000 	 0.000000 	0.000000 	 0.000000 	 0.000000 	 15.332688 	 15.332688 	 15.332688 	 16.435895 	5.882391e+06 	 5.882440e+06 	 4.926245e+01 	 8.374563e-06 	 2.188003e-01 	 1.283279e-04 	 5.280321e+00 	 8.417152e-05 
/scratch/krasny_fluxg/lwwilson/S100000.bin 	 /scratch/krasny_fluxg/lwwilson/T10000.bin 	 /scratch/krasny_fluxg/lwwilson/ex_s5_t4_0_p1.bin 	 100000 	 10000 	 0.500000 	 5 	 1 	 10000 	0.000000 	 0 	 1 	 0 	1 	 1.021872 	 0.007340 	 0.007340 	 0.007340 	 0.000000 	 0.000000 	 0.000000 	0.000000 	 0.000000 	 0.000000 	 1.306310 	 1.306310 	 1.306310 	 2.328182 	5.882391e+06 	 5.882440e+06 	 4.926245e+01 	 8.374563e-06 	 2.188003e-01 	 1.283279e-04 	 5.280321e+00 	 8.417152e-05 
/scratch/krasny_fluxg/lwwilson/S100000.bin 	 /scratch/krasny_fluxg/lwwilson/T10000.bin 	 /scratch/krasny_fluxg/lwwilson/ex_s5_t4_0_p1.bin 	 100000 	 10000 	 0.500000 	 5 	 1 	 10000 	0.000000 	 0 	 1 	 0 	1 	 0.638515 	 0.008277 	 0.008277 	 0.008277 	 0.000000 	 0.000000 	 0.000000 	0.000000 	 0.000000 	 0.000000 	 15.422691 	 15.422691 	 15.422691 	 16.061206 	5.882391e+06 	 5.882440e+06 	 4.926245e+01 	 8.374563e-06 	 2.188003e-01 	 1.283279e-04 	 5.280321e+00 	 8.417152e-05 
/scratch/krasny_fluxg/lwwilson/S100000.bin 	 /scratch/krasny_fluxg/lwwilson/T10000.bin 	 /scratch/krasny_fluxg/lwwilson/ex_s5_t4_0_p1.bin 	 100000 	 10000 	 0.500000 	 5 	 1 	 10000 	0.000000 	 0 	 1 	 0 	1 	 0.598020 	 0.007347 	 0.007347 	 0.007347 	 0.000000 	 0.000000 	 0.000000 	0.000000 	 0.000000 	 0.000000 	 1.306741 	 1.306741 	 1.306741 	 1.904761 	5.882391e+06 	 5.882440e+06 	 4.926245e+01 	 8.374563e-06 	 2.188003e-01 	 1.283279e-04 	 5.280321e+00 	 8.417152e-05 
/scratch/krasny_fluxg/lwwilson/S100000.bin 	 /scratch/krasny_fluxg/lwwilson/T10000.bin 	 /scratch/krasny_fluxg/lwwilson/ex_s5_t4_0_p1.bin 	 100000 	 10000 	 0.500000 	 5 	 1 	 10000 	0.000000 	 0 	 1 	 0 	1 	 0.720069 	 0.008314 	 0.008314 	 0.008314 	 0.000000 	 0.000000 	 0.000000 	0.000000 	 0.000000 	 0.000000 	 5.707092 	 5.707092 	 5.707092 	 6.427161 	5.882391e+06 	 5.882440e+06 	 4.926245e+01 	 8.374563e-06 	 2.188003e-01 	 1.283279e-04 	 5.280321e+00 	 8.417152e-05 
/scratch/krasny_fluxg/lwwilson/S100000.bin 	 /scratch/krasny_fluxg/lwwilson/T10000.bin 	 /scratch/krasny_fluxg/lwwilson/ex_s5_t4_0_p1.bin 	 100000 	 10000 	 0.500000 	 5 	 1 	 10000 	0.000000 	 0 	 1 	 0 	1 	 0.562638 	 0.007363 	 0.007363 	 0.007363 	 0.000000 	 0.000000 	 0.000000 	0.000000 	 0.000000 	 0.000000 	 1.309166 	 1.309166 	 1.309166 	 1.871804 	5.882391e+06 	 5.882440e+06 	 4.926245e+01 	 8.374563e-06 	 2.188003e-01 	 1.283279e-04 	 5.280321e+00 	 8.417152e-05 
/scratch/krasny_fluxg/lwwilson/S100000.bin 	 /scratch/krasny_fluxg/lwwilson/T10000.bin 	 /scratch/krasny_fluxg/lwwilson/ex_s5_t4_0_p1.bin 	 100000 	 10000 	 0.500000 	 5 	 1 	 10000 	0.000000 	 0 	 1 	 0 	1 	 0.807353 	 0.008301 	 0.008301 	 0.008301 	 0.000000 	 0.000000 	 0.000000 	0.000000 	 0.000000 	 0.000000 	 18.911355 	 18.911355 	 18.911355 	 19.718708 	5.882391e+06 	 5.882440e+06 	 4.926245e+01 	 8.374563e-06 	 2.188003e-01 	 1.283279e-04 	 5.280321e+00 	 8.417152e-05 
/scratch/krasny_fluxg/lwwilson/S100000.bin 	 /scratch/krasny_fluxg/lwwilson/T10000.bin 	 /scratch/krasny_fluxg/lwwilson/ex_s5_t4_0_p1.bin 	 100000 	 10000 	 0.500000 	 5 	 1 	 10000 	0.000000 	 0 	 1 	 0 	1 	 1.043164 	 0.007366 	 0.007366 	 0.007366 	 0.000000 	 0.000000 	 0.000000 	0.000000 	 0.000000 	 0.000000 	 1.307811 	 1.307811 	 1.307811 	 2.350975 	5.882391e+06 	 5.882440e+06 	 4.926245e+01 	 8.374563e-06 	 2.188003e-01 	 1.283279e-04 	 5.280321e+00 	 8.417152e-05 
/scratch/krasny_fluxg/lwwilson/S100000.bin 	 /scratch/krasny_fluxg/lwwilson/T10000.bin 	 /scratch/krasny_fluxg/lwwilson/ex_s5_t4_0_p1.bin 	 100000 	 10000 	 0.500000 	 5 	 1 	 10000 	0.000000 	 0 	 1 	 0 	1 	 1.350078 	 0.008299 	 0.008299 	 0.008299 	 0.000000 	 0.000000 	 0.000000 	0.000000 	 0.000000 	 0.000000 	 18.433012 	 18.433012 	 18.433012 	 19.783090 	5.882391e+06 	 5.882440e+06 	 4.926245e+01 	 8.374563e-06 	 2.188003e-01 	 1.283279e-04 	 5.280321e+00 	 8.417152e-05 
/scratch/krasny_fluxg/lwwilson/S100000.bin 	 /scratch/krasny_fluxg/lwwilson/T10000.bin 	 /scratch/krasny_fluxg/lwwilson/ex_s5_t4_0_p1.bin 	 100000 	 10000 	 0.500000 	 5 	 1 	 10000 	0.000000 	 0 	 1 	 0 	1 	 0.908635 	 0.007321 	 0.007321 	 0.007321 	 0.000000 	 0.000000 	 0.000000 	0.000000 	 0.000000 	 0.000000 	 1.308698 	 1.308698 	 1.308698 	 2.217333 	5.882391e+06 	 5.882440e+06 	 4.926245e+01 	 8.374563e-06 	 2.188003e-01 	 1.283279e-04 	 5.280321e+00 	 8.417152e-05 
/scratch/krasny_fluxg/lwwilson/S100000.bin 	 /scratch/krasny_fluxg/lwwilson/T10000.bin 	 /scratch/krasny_fluxg/lwwilson/ex_s5_t4_0_p1.bin 	 100000 	 10000 	 0.500000 	 5 	 1 	 10000 	0.000000 	 0 	 1 	 0 	1 	 0.717518 	 0.007352 	 0.007352 	 0.007352 	 0.000000 	 0.000000 	 0.000000 	0.000000 	 0.000000 	 0.000000 	 1.309010 	 1.309010 	 1.309010 	 2.026528 	5.882391e+06 	 5.882440e+06 	 4.926245e+01 	 8.374563e-06 	 2.188003e-01 	 1.283279e-04 	 5.280321e+00 	 8.417152e-05 
/scratch/krasny_fluxg/lwwilson/S100000.bin 	 /scratch/krasny_fluxg/lwwilson/T10000.bin 	 /scratch/krasny_fluxg/lwwilson/ex_s5_t4_0_p1.bin 	 100000 	 10000 	 0.500000 	 5 	 1 	 10000 	0.000000 	 0 	 1 	 0 	1 	 1.283484 	 0.008327 	 0.008327 	 0.008327 	 0.000000 	 0.000000 	 0.000000 	0.000000 	 0.000000 	 0.000000 	 18.926380 	 18.926380 	 18.926380 	 20.209864 	5.882391e+06 	 5.882440e+06 	 4.926245e+01 	 8.374563e-06 	 2.188003e-01 	 1.283279e-04 	 5.280321e+00 	 8.417152e-05 
/scratch/krasny_fluxg/lwwilson/S100000.bin 	 /scratch/krasny_fluxg/lwwilson/T10000.bin 	 /scratch/krasny_fluxg/lwwilson/ex_s5_t4_0_p1.bin 	 100000 	 10000 	 0.500000 	 5 	 1 	 10000 	0.000000 	 0 	 1 	 0 	1 	 1.679642 	 0.007494 	 0.007494 	 0.007494 	 0.000000 	 0.000000 	 0.000000 	0.000000 	 0.000000 	 0.000000 	 1.306994 	 1.306994 	 1.306994 	 2.986636 	5.882391e+06 	 5.882440e+06 	 4.926245e+01 	 8.374563e-06 	 2.188003e-01 	 1.283279e-04 	 5.280321e+00 	 8.417152e-05 
/scratch/krasny_fluxg/lwwilson/S100000.bin 	 /scratch/krasny_fluxg/lwwilson/T10000.bin 	 /scratch/krasny_fluxg/lwwilson/ex_s5_t4_0_p1.bin 	 100000 	 10000 	 0.500000 	 5 	 1 	 10000 	0.000000 	 0 	 1 	 0 	1 	 1.009019 	 0.008275 	 0.008275 	 0.008275 	 0.000000 	 0.000000 	 0.000000 	0.000000 	 0.000000 	 0.000000 	 6.091359 	 6.091359 	 6.091359 	 7.100378 	5.882391e+06 	 5.882440e+06 	 4.926245e+01 	 8.374563e-06 	 2.188003e-01 	 1.283279e-04 	 5.280321e+00 	 8.417152e-05 
/scratch/krasny_fluxg/lwwilson/S100000.bin 	 /scratch/krasny_fluxg/lwwilson/T10000.bin 	 /scratch/krasny_fluxg/lwwilson/ex_s5_t4_0_p1.bin 	 100000 	 10000 	 0.500000 	 5 	 1 	 10000 	0.000000 	 0 	 1 	 0 	1 	 1.322373 	 0.007365 	 0.007365 	 0.007365 	 0.000000 	 0.000000 	 0.000000 	0.000000 	 0.000000 	 0.000000 	 1.308246 	 1.308246 	 1.308246 	 2.630619 	5.882391e+06 	 5.882440e+06 	 4.926245e+01 	 8.374563e-06 	 2.188003e-01 	 1.283279e-04 	 5.280321e+00 	 8.417152e-05 
/scratch/krasny_fluxg/lwwilson/S100000.bin 	 /scratch/krasny_fluxg/lwwilson/T10000.bin 	 /scratch/krasny_fluxg/lwwilson/ex_s5_t4_0_p1.bin 	 100000 	 10000 	 0.500000 	 5 	 1 	 10000 	0.000000 	 0 	 1 	 0 	1 	 0.709652 	 0.008259 	 0.008259 	 0.008259 	 0.000000 	 0.000000 	 0.000000 	0.000000 	 0.000000 	 0.000000 	 5.709314 	 5.709314 	 5.709314 	 6.418966 	5.882391e+06 	 5.882440e+06 	 4.926245e+01 	 8.374563e-06 	 2.188003e-01 	 1.283279e-04 	 5.280321e+00 	 8.417152e-05 
/scratch/krasny_fluxg/lwwilson/S100000.bin 	 /scratch/krasny_fluxg/lwwilson/T10000.bin 	 /scratch/krasny_fluxg/lwwilson/ex_s5_t4_0_p1.bin 	 100000 	 10000 	 0.500000 	 5 	 1 	 10000 	0.000000 	 0 	 1 	 0 	1 	 1.562412 	 0.007359 	 0.007359 	 0.007359 	 0.000000 	 0.000000 	 0.000000 	0.000000 	 0.000000 	 0.000000 	 1.311305 	 1.311305 	 1.311305 	 2.873717 	5.882391e+06 	 5.882440e+06 	 4.926245e+01 	 8.374563e-06 	 2.188003e-01 	 1.283279e-04 	 5.280321e+00 	 8.417152e-05 
/scratch/krasny_fluxg/lwwilson/S100000.bin 	 /scratch/krasny_fluxg/lwwilson/T10000.bin 	 /scratch/krasny_fluxg/lwwilson/ex_s5_t4_0_p1.bin 	 100000 	 10000 	 0.500000 	 5 	 1 	 10000 	0.000000 	 0 	 1 	 0 	1 	 1.185308 	 0.007350 	 0.007350 	 0.007350 	 0.000000 	 0.000000 	 0.000000 	0.000000 	 0.000000 	 0.000000 	 1.307285 	 1.307285 	 1.307285 	 2.492593 	5.882391e+06 	 5.882440e+06 	 4.926245e+01 	 8.374563e-06 	 2.188003e-01 	 1.283279e-04 	 5.280321e+00 	 8.417152e-05 
/scratch/krasny_fluxg/lwwilson/S100000.bin 	 /scratch/krasny_fluxg/lwwilson/T10000.bin 	 /scratch/krasny_fluxg/lwwilson/ex_s5_t4_0_p1.bin 	 100000 	 10000 	 0.500000 	 5 	 1 	 10000 	0.000000 	 0 	 1 	 0 	1 	 1.181756 	 0.008259 	 0.008259 	 0.008259 	 0.000000 	 0.000000 	 0.000000 	0.000000 	 0.000000 	 0.000000 	 5.753623 	 5.753623 	 5.753623 	 6.935379 	5.882391e+06 	 5.882440e+06 	 4.926245e+01 	 8.374563e-06 	 2.188003e-01 	 1.283279e-04 	 5.280321e+00 	 8.417152e-05 
/scratch/krasny_fluxg/lwwilson/S100000.bin 	 /scratch/krasny_fluxg/lwwilson/T10000.bin 	 /scratch/krasny_fluxg/lwwilson/ex_s5_t4_0_p1.bin 	 100000 	 10000 	 0.500000 	 5 	 1 	 10000 	0.000000 	 0 	 1 	 0 	1 	 1.557820 	 0.007329 	 0.007329 	 0.007329 	 0.000000 	 0.000000 	 0.000000 	0.000000 	 0.000000 	 0.000000 	 1.307814 	 1.307814 	 1.307814 	 2.865634 	5.882391e+06 	 5.882440e+06 	 4.926245e+01 	 8.374563e-06 	 2.188003e-01 	 1.283279e-04 	 5.280321e+00 	 8.417152e-05 
/scratch/krasny_fluxg/lwwilson/S100000.bin 	 /scratch/krasny_fluxg/lwwilson/T10000.bin 	 /scratch/krasny_fluxg/lwwilson/ex_s5_t4_0_p1.bin 	 100000 	 10000 	 0.500000 	 5 	 1 	 10000 	0.000000 	 0 	 1 	 0 	1 	 0.969316 	 0.008251 	 0.008251 	 0.008251 	 0.000000 	 0.000000 	 0.000000 	0.000000 	 0.000000 	 0.000000 	 15.294440 	 15.294440 	 15.294440 	 16.263756 	5.882391e+06 	 5.882440e+06 	 4.926245e+01 	 8.374563e-06 	 2.188003e-01 	 1.283279e-04 	 5.280321e+00 	 8.417152e-05 
/scratch/krasny_fluxg/lwwilson/S100000.bin 	 /scratch/krasny_fluxg/lwwilson/T10000.bin 	 /scratch/krasny_fluxg/lwwilson/ex_s5_t4_0_p1.bin 	 100000 	 10000 	 0.500000 	 5 	 1 	 10000 	0.000000 	 0 	 1 	 0 	1 	 0.872161 	 0.007348 	 0.007348 	 0.007348 	 0.000000 	 0.000000 	 0.000000 	0.000000 	 0.000000 	 0.000000 	 1.307963 	 1.307963 	 1.307963 	 2.180124 	5.882391e+06 	 5.882440e+06 	 4.926245e+01 	 8.374563e-06 	 2.188003e-01 	 1.283279e-04 	 5.280321e+00 	 8.417152e-05 
/scratch/krasny_fluxg/lwwilson/S100000.bin 	 /scratch/krasny_fluxg/lwwilson/T10000.bin 	 /scratch/krasny_fluxg/lwwilson/ex_s5_t4_0_p1.bin 	 100000 	 10000 	 0.500000 	 5 	 1 	 10000 	0.000000 	 0 	 1 	 0 	1 	 1.142623 	 0.008302 	 0.008302 	 0.008302 	 0.000000 	 0.000000 	 0.000000 	0.000000 	 0.000000 	 0.000000 	 15.253351 	 15.253351 	 15.253351 	 16.395974 	5.882391e+06 	 5.882440e+06 	 4.926245e+01 	 8.374563e-06 	 2.188003e-01 	 1.283279e-04 	 5.280321e+00 	 8.417152e-05 
/scratch/krasny_fluxg/lwwilson/S100000.bin 	 /scratch/krasny_fluxg/lwwilson/T10000.bin 	 /scratch/krasny_fluxg/lwwilson/ex_s5_t4_0_p1.bin 	 100000 	 10000 	 0.500000 	 5 	 1 	 10000 	0.000000 	 0 	 1 	 0 	1 	 1.205279 	 0.007368 	 0.007368 	 0.007368 	 0.000000 	 0.000000 	 0.000000 	0.000000 	 0.000000 	 0.000000 	 1.308587 	 1.308587 	 1.308587 	 2.513866 	5.882391e+06 	 5.882440e+06 	 4.926245e+01 	 8.374563e-06 	 2.188003e-01 	 1.283279e-04 	 5.280321e+00 	 8.417152e-05 
/scratch/krasny_fluxg/lwwilson/S100000.bin 	 /scratch/krasny_fluxg/lwwilson/T10000.bin 	 /scratch/krasny_fluxg/lwwilson/ex_s5_t4_0_p1.bin 	 100000 	 10000 	 0.500000 	 5 	 1 	 10000 	0.000000 	 0 	 1 	 0 	1 	 1.289036 	 0.008292 	 0.008292 	 0.008292 	 0.000000 	 0.000000 	 0.000000 	0.000000 	 0.000000 	 0.000000 	 15.295942 	 15.295942 	 15.295942 	 16.584978 	5.882391e+06 	 5.882440e+06 	 4.926245e+01 	 8.374563e-06 	 2.188003e-01 	 1.283279e-04 	 5.280321e+00 	 8.417152e-05 
/scratch/krasny_fluxg/lwwilson/S100000.bin 	 /scratch/krasny_fluxg/lwwilson/T10000.bin 	 /scratch/krasny_fluxg/lwwilson/ex_s5_t4_0_p1.bin 	 100000 	 10000 	 0.500000 	 5 	 1 	 10000 	0.000000 	 0 	 1 	 0 	1 	 1.003683 	 0.007348 	 0.007348 	 0.007348 	 0.000000 	 0.000000 	 0.000000 	0.000000 	 0.000000 	 0.000000 	 1.307966 	 1.307966 	 1.307966 	 2.311649 	5.882391e+06 	 5.882440e+06 	 4.926245e+01 	 8.374563e-06 	 2.188003e-01 	 1.283279e-04 	 5.280321e+00 	 8.417152e-05 
/scratch/krasny_fluxg/lwwilson/S100000.bin 	 /scratch/krasny_fluxg/lwwilson/T10000.bin 	 /scratch/krasny_fluxg/lwwilson/ex_s5_t4_0_p1.bin 	 100000 	 10000 	 0.500000 	 5 	 1 	 10000 	0.000000 	 0 	 1 	 0 	1 	 1.376059 	 0.008297 	 0.008297 	 0.008297 	 0.000000 	 0.000000 	 0.000000 	0.000000 	 0.000000 	 0.000000 	 22.417230 	 22.417230 	 22.417230 	 23.793289 	5.882391e+06 	 5.882440e+06 	 4.926245e+01 	 8.374563e-06 	 2.188003e-01 	 1.283279e-04 	 5.280321e+00 	 8.417152e-05 
/scratch/krasny_fluxg/lwwilson/S100000.bin 	 /scratch/krasny_fluxg/lwwilson/T10000.bin 	 /scratch/krasny_fluxg/lwwilson/ex_s5_t4_0_p1.bin 	 100000 	 10000 	 0.500000 	 5 	 1 	 10000 	0.000000 	 0 	 1 	 0 	1 	 1.027431 	 0.007368 	 0.007368 	 0.007368 	 0.000000 	 0.000000 	 0.000000 	0.000000 	 0.000000 	 0.000000 	 1.311184 	 1.311184 	 1.311184 	 2.338615 	5.882391e+06 	 5.882440e+06 	 4.926245e+01 	 8.374563e-06 	 2.188003e-01 	 1.283279e-04 	 5.280321e+00 	 8.417152e-05 
/scratch/krasny_fluxg/lwwilson/S100000.bin 	 /scratch/krasny_fluxg/lwwilson/T10000.bin 	 /scratch/krasny_fluxg/lwwilson/ex_s5_t4_0_p1.bin 	 100000 	 10000 	 0.500000 	 5 	 1 	 10000 	0.000000 	 0 	 1 	 0 	1 	 1.086351 	 0.008309 	 0.008309 	 0.008309 	 0.000000 	 0.000000 	 0.000000 	0.000000 	 0.000000 	 0.000000 	 15.080195 	 15.080195 	 15.080195 	 16.166546 	5.882391e+06 	 5.882440e+06 	 4.926245e+01 	 8.374563e-06 	 2.188003e-01 	 1.283279e-04 	 5.280321e+00 	 8.417152e-05 
/scratch/krasny_fluxg/lwwilson/S100000.bin 	 /scratch/krasny_fluxg/lwwilson/T10000.bin 	 /scratch/krasny_fluxg/lwwilson/ex_s5_t4_0_p1.bin 	 100000 	 10000 	 0.500000 	 5 	 1 	 10000 	0.000000 	 0 	 1 	 0 	1 	 0.816302 	 0.007361 	 0.007361 	 0.007361 	 0.000000 	 0.000000 	 0.000000 	0.000000 	 0.000000 	 0.000000 	 1.306360 	 1.306360 	 1.306360 	 2.122662 	5.882391e+06 	 5.882440e+06 	 4.926245e+01 	 8.374563e-06 	 2.188003e-01 	 1.283279e-04 	 5.280321e+00 	 8.417152e-05 
/scratch/krasny_fluxg/lwwilson/S100000.bin 	 /scratch/krasny_fluxg/lwwilson/T10000.bin 	 /scratch/krasny_fluxg/lwwilson/ex_s5_t4_0_p1.bin 	 100000 	 10000 	 0.500000 	 5 	 1 	 10000 	0.000000 	 0 	 1 	 0 	1 	 0.900287 	 0.008316 	 0.008316 	 0.008316 	 0.000000 	 0.000000 	 0.000000 	0.000000 	 0.000000 	 0.000000 	 15.408678 	 15.408678 	 15.408678 	 16.308965 	5.882391e+06 	 5.882440e+06 	 4.926245e+01 	 8.374563e-06 	 2.188003e-01 	 1.283279e-04 	 5.280321e+00 	 8.417152e-05 
/scratch/krasny_fluxg/lwwilson/S100000.bin 	 /scratch/krasny_fluxg/lwwilson/T10000.bin 	 /scratch/krasny_fluxg/lwwilson/ex_s5_t4_0_p1.bin 	 100000 	 10000 	 0.500000 	 5 	 1 	 10000 	0.000000 	 0 	 1 	 0 	1 	 0.779746 	 0.007363 	 0.007363 	 0.007363 	 0.000000 	 0.000000 	 0.000000 	0.000000 	 0.000000 	 0.000000 	 1.307209 	 1.307209 	 1.307209 	 2.086955 	5.882391e+06 	 5.882440e+06 	 4.926245e+01 	 8.374563e-06 	 2.188003e-01 	 1.283279e-04 	 5.280321e+00 	 8.417152e-05 
/scratch/krasny_fluxg/lwwilson/S100000.bin 	 /scratch/krasny_fluxg/lwwilson/T10000.bin 	 /scratch/krasny_fluxg/lwwilson/ex_s5_t4_0_p1.bin 	 100000 	 10000 	 0.500000 	 5 	 1 	 10000 	0.000000 	 0 	 1 	 0 	1 	 0.544630 	 0.008291 	 0.008291 	 0.008291 	 0.000000 	 0.000000 	 0.000000 	0.000000 	 0.000000 	 0.000000 	 15.419052 	 15.419052 	 15.419052 	 15.963682 	5.882391e+06 	 5.882440e+06 	 4.926245e+01 	 8.374563e-06 	 2.188003e-01 	 1.283279e-04 	 5.280321e+00 	 8.417152e-05 
>>>>>>> refs/remotes/eclipse_auto/master
